UWSConsumerSubjectInfoGetGetGoldRecInParms,UWSConsumerSubjectInfoGetGetGoldRecInParms,/UWSConsumerSubjectInfoGetGetGoldRecInParms,1,1
extSysUserSession,WSTypeChar255,/UWSConsumerSubjectInfoGetGetGoldRecInParms/extSysUserSession,0,1
subjects,UWSConsumerSubjectInfoGetGetGoldRecSubjectsRecordSet,/UWSConsumerSubjectInfoGetGetGoldRecInParms/subjects,1,1
recordSetRow,UWSConsumerSubjectInfoGetGetGoldRecSubjectRecordSetRow,/UWSConsumerSubjectInfoGetGetGoldRecInParms/subjects/recordSetRow,0,unbounded
idSub,WSTypeDecimal120,/UWSConsumerSubjectInfoGetGetGoldRecInParms/subjects/recordSetRow/idSub,0,1
subPins,UWSConsumerSubjectInfoGetGetGoldRecSubPinsRecordSet,/UWSConsumerSubjectInfoGetGetGoldRecInParms/subPins,1,1
recordSetRow,UWSConsumerSubjectInfoGetGetGoldRecSubPinRecordSetRow,/UWSConsumerSubjectInfoGetGetGoldRecInParms/subPins/recordSetRow,0,unbounded
pin,WSTypeChar255,/UWSConsumerSubjectInfoGetGetGoldRecInParms/subPins/recordSetRow/pin,0,1
absCode,WSTypeChar255,/UWSConsumerSubjectInfoGetGetGoldRecInParms/subPins/recordSetRow/absCode,0,1
subSetMarkerList,UWSConsumerSubjectInfoGetGetSubSetMarkerListRecordSet,/UWSConsumerSubjectInfoGetGetGoldRecInParms/subSetMarkerList,0,1
recordSetRow,UWSConsumerSubjectInfoGetGetSubSetMarkerListRecordSetRow,/UWSConsumerSubjectInfoGetGetGoldRecInParms/subSetMarkerList/recordSetRow,0,unbounded
flag,WSTypeChar255,/UWSConsumerSubjectInfoGetGetGoldRecInParms/subSetMarkerList/recordSetRow/flag,0,1
macros,WSTypeChar255,/UWSConsumerSubjectInfoGetGetGoldRecInParms/subSetMarkerList/recordSetRow/macros,0,1
technicalManager,UWSConsumerSubjectInfoGetGetListTechnicalManagerRecordSet,/UWSConsumerSubjectInfoGetGetGoldRecInParms/technicalManager,0,1
recordSetRow,UWSConsumerSubjectInfoGetGetListTechnicalManagerRecordSetRow,/UWSConsumerSubjectInfoGetGetGoldRecInParms/technicalManager/recordSetRow,0,unbounded
pageNumber,WSTypeDecimal120,/UWSConsumerSubjectInfoGetGetGoldRecInParms/technicalManager/recordSetRow/pageNumber,0,1
pageLength,WSTypeDecimal120,/UWSConsumerSubjectInfoGetGetGoldRecInParms/technicalManager/recordSetRow/pageLength,0,1
UWSConsumerSubjectInfoGetGetGoldRecOutParms,UWSConsumerSubjectInfoGetGetGoldRecOutParms,/UWSConsumerSubjectInfoGetGetGoldRecOutParms,1,1
subList,UWSConsumerSubjectInfoGetGetGoldRecOutResultSet,/UWSConsumerSubjectInfoGetGetGoldRecOutParms/subList,0,1
resultSetRow,UWSConsumerSubjectInfoGetGetGoldRecOutResultSetRow,/UWSConsumerSubjectInfoGetGetGoldRecOutParms/subList/resultSetRow,0,unbounded
subCommon,UWSConsumerSubjectInfoGetGetSubCommonOutResultSet,/UWSConsumerSubjectInfoGetGetGoldRecOutParms/subList/resultSetRow/subCommon,0,1
resultSetRow,UWSConsumerSubjectInfoGetGetSubCommonOutResultSetRow,/UWSConsumerSubjectInfoGetGetGoldRecOutParms/subList/resultSetRow/subCommon/resultSetRow,0,unbounded
isBankrupt,WSTypeChar1,/UWSConsumerSubjectInfoGetGetGoldRecOutParms/subList/resultSetRow/subCommon/resultSetRow/isBankrupt,0,1
bankruptDate,WSTypeDate,/UWSConsumerSubjectInfoGetGetGoldRecOutParms/subList/resultSetRow/subCommon/resultSetRow/bankruptDate,0,1
idResType,WSTypeDecimal120,/UWSConsumerSubjectInfoGetGetGoldRecOutParms/subList/resultSetRow/subCommon/resultSetRow/idResType,0,1
resTypeCode,WSTypeChar255,/UWSConsumerSubjectInfoGetGetGoldRecOutParms/subList/resultSetRow/subCommon/resultSetRow/resTypeCode,0,1
idSub,WSTypeDecimal120,/UWSConsumerSubjectInfoGetGetGoldRecOutParms/subList/resultSetRow/subCommon/resultSetRow/idSub,0,1
idSubType,WSTypeDecimal120,/UWSConsumerSubjectInfoGetGetGoldRecOutParms/subList/resultSetRow/subCommon/resultSetRow/idSubType,0,1
subTypeCode,WSTypeChar255,/UWSConsumerSubjectInfoGetGetGoldRecOutParms/subList/resultSetRow/subCommon/resultSetRow/subTypeCode,0,1
inn,WSTypeChar255,/UWSConsumerSubjectInfoGetGetGoldRecOutParms/subList/resultSetRow/subCommon/resultSetRow/inn,0,1
name,WSTypeChar255,/UWSConsumerSubjectInfoGetGetGoldRecOutParms/subList/resultSetRow/subCommon/resultSetRow/name,0,1
subPerson,UWSConsumerSubjectInfoGetGetSubPersonOutResultSet,/UWSConsumerSubjectInfoGetGetGoldRecOutParms/subList/resultSetRow/subPerson,0,1
resultSetRow,UWSConsumerSubjectInfoGetGetSubPersonOutResultSetRow,/UWSConsumerSubjectInfoGetGetGoldRecOutParms/subList/resultSetRow/subPerson/resultSetRow,0,unbounded
dateOfBirth,WSTypeDate,/UWSConsumerSubjectInfoGetGetGoldRecOutParms/subList/resultSetRow/subPerson/resultSetRow/dateOfBirth,0,1
idPerson,WSTypeDecimal120,/UWSConsumerSubjectInfoGetGetGoldRecOutParms/subList/resultSetRow/subPerson/resultSetRow/idPerson,0,1
idPersonType,WSTypeDecimal120,/UWSConsumerSubjectInfoGetGetGoldRecOutParms/subList/resultSetRow/subPerson/resultSetRow/idPersonType,0,1
personTypeCode,WSTypeChar255,/UWSConsumerSubjectInfoGetGetGoldRecOutParms/subList/resultSetRow/subPerson/resultSetRow/personTypeCode,0,1
placeBirth,WSTypeChar255,/UWSConsumerSubjectInfoGetGetGoldRecOutParms/subList/resultSetRow/subPerson/resultSetRow/placeBirth,0,1
sNILS,WSTypeChar255,/UWSConsumerSubjectInfoGetGetGoldRecOutParms/subList/resultSetRow/subPerson/resultSetRow/sNILS,0,1
children,WSTypeDecimal120,/UWSConsumerSubjectInfoGetGetGoldRecOutParms/subList/resultSetRow/subPerson/resultSetRow/children,0,1
idGender,WSTypeDecimal120,/UWSConsumerSubjectInfoGetGetGoldRecOutParms/subList/resultSetRow/subPerson/resultSetRow/idGender,0,1
genderCode,WSTypeChar255,/UWSConsumerSubjectInfoGetGetGoldRecOutParms/subList/resultSetRow/subPerson/resultSetRow/genderCode,0,1
idEducation,WSTypeDecimal120,/UWSConsumerSubjectInfoGetGetGoldRecOutParms/subList/resultSetRow/subPerson/resultSetRow/idEducation,0,1
educationCode,WSTypeChar255,/UWSConsumerSubjectInfoGetGetGoldRecOutParms/subList/resultSetRow/subPerson/resultSetRow/educationCode,0,1
idFamilySt,WSTypeDecimal120,/UWSConsumerSubjectInfoGetGetGoldRecOutParms/subList/resultSetRow/subPerson/resultSetRow/idFamilySt,0,1
familyStCode,WSTypeChar255,/UWSConsumerSubjectInfoGetGetGoldRecOutParms/subList/resultSetRow/subPerson/resultSetRow/familyStCode,0,1
subCompany,UWSConsumerSubjectInfoGetGetSubCompanyOutResultSet,/UWSConsumerSubjectInfoGetGetGoldRecOutParms/subList/resultSetRow/subCompany,0,1
resultSetRow,UWSConsumerSubjectInfoGetGetSubCompanyOutResultSetRow,/UWSConsumerSubjectInfoGetGetGoldRecOutParms/subList/resultSetRow/subCompany/resultSetRow,0,unbounded
externalRels,WSTypeChar1,/UWSConsumerSubjectInfoGetGetGoldRecOutParms/subList/resultSetRow/subCompany/resultSetRow/externalRels,0,1
oGRNDate,WSTypeDate,/UWSConsumerSubjectInfoGetGetGoldRecOutParms/subList/resultSetRow/subCompany/resultSetRow/oGRNDate,0,1
regChamberDate,WSTypeDate,/UWSConsumerSubjectInfoGetGetGoldRecOutParms/subList/resultSetRow/subCompany/resultSetRow/regChamberDate,0,1
idChartCapCur,WSTypeDecimal120,/UWSConsumerSubjectInfoGetGetGoldRecOutParms/subList/resultSetRow/subCompany/resultSetRow/idChartCapCur,0,1
chartCapCurCode,WSTypeChar255,/UWSConsumerSubjectInfoGetGetGoldRecOutParms/subList/resultSetRow/subCompany/resultSetRow/chartCapCurCode,0,1
idCompany,WSTypeDecimal120,/UWSConsumerSubjectInfoGetGetGoldRecOutParms/subList/resultSetRow/subCompany/resultSetRow/idCompany,0,1
idCompanyType,WSTypeDecimal120,/UWSConsumerSubjectInfoGetGetGoldRecOutParms/subList/resultSetRow/subCompany/resultSetRow/idCompanyType,0,1
companyTypeCode,WSTypeChar255,/UWSConsumerSubjectInfoGetGetGoldRecOutParms/subList/resultSetRow/subCompany/resultSetRow/companyTypeCode,0,1
idOKOPF,WSTypeDecimal120,/UWSConsumerSubjectInfoGetGetGoldRecOutParms/subList/resultSetRow/subCompany/resultSetRow/idOKOPF,0,1
oKOPFCode,WSTypeChar255,/UWSConsumerSubjectInfoGetGetGoldRecOutParms/subList/resultSetRow/subCompany/resultSetRow/oKOPFCode,0,1
kPP,WSTypeChar255,/UWSConsumerSubjectInfoGetGetGoldRecOutParms/subList/resultSetRow/subCompany/resultSetRow/kPP,0,1
kPP2,WSTypeChar255,/UWSConsumerSubjectInfoGetGetGoldRecOutParms/subList/resultSetRow/subCompany/resultSetRow/kPP2,0,1
regAuthName,WSTypeChar255,/UWSConsumerSubjectInfoGetGetGoldRecOutParms/subList/resultSetRow/subCompany/resultSetRow/regAuthName,0,1
oGRN,WSTypeChar255,/UWSConsumerSubjectInfoGetGetGoldRecOutParms/subList/resultSetRow/subCompany/resultSetRow/oGRN,0,1
oKATO,WSTypeChar255,/UWSConsumerSubjectInfoGetGetGoldRecOutParms/subList/resultSetRow/subCompany/resultSetRow/oKATO,0,1
oKOGU,WSTypeChar255,/UWSConsumerSubjectInfoGetGetGoldRecOutParms/subList/resultSetRow/subCompany/resultSetRow/oKOGU,0,1
oKPO,WSTypeChar255,/UWSConsumerSubjectInfoGetGetGoldRecOutParms/subList/resultSetRow/subCompany/resultSetRow/oKPO,0,1
regPlace,WSTypeChar255,/UWSConsumerSubjectInfoGetGetGoldRecOutParms/subList/resultSetRow/subCompany/resultSetRow/regPlace,0,1
iAuthCap,WSTypeDecimal120,/UWSConsumerSubjectInfoGetGetGoldRecOutParms/subList/resultSetRow/subCompany/resultSetRow/iAuthCap,0,1
idCompanySt,WSTypeDecimal120,/UWSConsumerSubjectInfoGetGetGoldRecOutParms/subList/resultSetRow/subCompany/resultSetRow/idCompanySt,0,1
companyStCode,WSTypeChar255,/UWSConsumerSubjectInfoGetGetGoldRecOutParms/subList/resultSetRow/subCompany/resultSetRow/companyStCode,0,1
idOKATOReg,WSTypeDecimal120,/UWSConsumerSubjectInfoGetGetGoldRecOutParms/subList/resultSetRow/subCompany/resultSetRow/idOKATOReg,0,1
oKATORegCode,WSTypeChar255,/UWSConsumerSubjectInfoGetGetGoldRecOutParms/subList/resultSetRow/subCompany/resultSetRow/oKATORegCode,0,1
idTaxationSystem,WSTypeDecimal120,/UWSConsumerSubjectInfoGetGetGoldRecOutParms/subList/resultSetRow/subCompany/resultSetRow/idTaxationSystem,0,1
taxationSystemCode,WSTypeChar255,/UWSConsumerSubjectInfoGetGetGoldRecOutParms/subList/resultSetRow/subCompany/resultSetRow/taxationSystemCode,0,1
employeesNumber,WSTypeDecimal120,/UWSConsumerSubjectInfoGetGetGoldRecOutParms/subList/resultSetRow/subCompany/resultSetRow/employeesNumber,0,1
inceptionDate,WSTypeDate,/UWSConsumerSubjectInfoGetGetGoldRecOutParms/subList/resultSetRow/subCompany/resultSetRow/inceptionDate,0,1
idSubordinationType,WSTypeDecimal120,/UWSConsumerSubjectInfoGetGetGoldRecOutParms/subList/resultSetRow/subCompany/resultSetRow/idSubordinationType,0,1
subordinationTypeCode,WSTypeChar255,/UWSConsumerSubjectInfoGetGetGoldRecOutParms/subList/resultSetRow/subCompany/resultSetRow/subordinationTypeCode,0,1
subBank,UWSConsumerSubjectInfoGetGetSubBankOutResultSet,/UWSConsumerSubjectInfoGetGetGoldRecOutParms/subList/resultSetRow/subBank,0,1
resultSetRow,UWSConsumerSubjectInfoGetGetSubBankOutResultSetRow,/UWSConsumerSubjectInfoGetGetGoldRecOutParms/subList/resultSetRow/subBank/resultSetRow,0,unbounded
bIK,WSTypeChar255,/UWSConsumerSubjectInfoGetGetGoldRecOutParms/subList/resultSetRow/subBank/resultSetRow/bIK,0,1
corrAccount,WSTypeChar255,/UWSConsumerSubjectInfoGetGetGoldRecOutParms/subList/resultSetRow/subBank/resultSetRow/corrAccount,0,1
sWIFTClearCode,WSTypeChar255,/UWSConsumerSubjectInfoGetGetGoldRecOutParms/subList/resultSetRow/subBank/resultSetRow/sWIFTClearCode,0,1
sWIFTBIC,WSTypeChar255,/UWSConsumerSubjectInfoGetGetGoldRecOutParms/subList/resultSetRow/subBank/resultSetRow/sWIFTBIC,0,1
isAlfaBank,WSTypeChar1,/UWSConsumerSubjectInfoGetGetGoldRecOutParms/subList/resultSetRow/subBank/resultSetRow/isAlfaBank,0,1
idBank,WSTypeDecimal120,/UWSConsumerSubjectInfoGetGetGoldRecOutParms/subList/resultSetRow/subBank/resultSetRow/idBank,0,1
subGroup,UWSConsumerSubjectInfoGetGetSubGroupOutResultSet,/UWSConsumerSubjectInfoGetGetGoldRecOutParms/subList/resultSetRow/subGroup,0,1
resultSetRow,UWSConsumerSubjectInfoGetGetSubGroupOutResultSetRow,/UWSConsumerSubjectInfoGetGetGoldRecOutParms/subList/resultSetRow/subGroup/resultSetRow,0,unbounded
idGroupType,WSTypeDecimal120,/UWSConsumerSubjectInfoGetGetGoldRecOutParms/subList/resultSetRow/subGroup/resultSetRow/idGroupType,0,1
groupTypeCode,WSTypeChar255,/UWSConsumerSubjectInfoGetGetGoldRecOutParms/subList/resultSetRow/subGroup/resultSetRow/groupTypeCode,0,1
idGroup,WSTypeDecimal120,/UWSConsumerSubjectInfoGetGetGoldRecOutParms/subList/resultSetRow/subGroup/resultSetRow/idGroup,0,1
desc,WSTypeChar255,/UWSConsumerSubjectInfoGetGetGoldRecOutParms/subList/resultSetRow/subGroup/resultSetRow/desc,0,1
objectAttributes,UWSConsumerSubjectInfoGetObjectAttributesOutResultSet,/UWSConsumerSubjectInfoGetGetGoldRecOutParms/subList/resultSetRow/subGroup/resultSetRow/objectAttributes,0,1
resultSetRow,UWSConsumerSubjectInfoGetObjectAttributesOutResultSetRow,/UWSConsumerSubjectInfoGetGetGoldRecOutParms/subList/resultSetRow/subGroup/resultSetRow/objectAttributes/resultSetRow,0,unbounded
idrlObjectAttribute,WSTypeDecimal120,/UWSConsumerSubjectInfoGetGetGoldRecOutParms/subList/resultSetRow/subGroup/resultSetRow/objectAttributes/resultSetRow/idrlObjectAttribute,0,1
objectAttributeTypeCode,WSTypeChar255,/UWSConsumerSubjectInfoGetGetGoldRecOutParms/subList/resultSetRow/subGroup/resultSetRow/objectAttributes/resultSetRow/objectAttributeTypeCode,0,1
objectAttributeValue,WSTypeChar255,/UWSConsumerSubjectInfoGetGetGoldRecOutParms/subList/resultSetRow/subGroup/resultSetRow/objectAttributes/resultSetRow/objectAttributeValue,0,1
subNameList,UWSConsumerSubjectInfoGetGetSubNameListOutResultSet,/UWSConsumerSubjectInfoGetGetGoldRecOutParms/subList/resultSetRow/subNameList,0,1
resultSetRow,UWSConsumerSubjectInfoGetGetSubNameListOutResultSetRow,/UWSConsumerSubjectInfoGetGetGoldRecOutParms/subList/resultSetRow/subNameList/resultSetRow,0,unbounded
name,WSTypeChar255,/UWSConsumerSubjectInfoGetGetGoldRecOutParms/subList/resultSetRow/subNameList/resultSetRow/name,0,1
idSub,WSTypeDecimal120,/UWSConsumerSubjectInfoGetGetGoldRecOutParms/subList/resultSetRow/subNameList/resultSetRow/idSub,0,1
idSubName,WSTypeDecimal120,/UWSConsumerSubjectInfoGetGetGoldRecOutParms/subList/resultSetRow/subNameList/resultSetRow/idSubName,0,1
idSubNameType,WSTypeDecimal120,/UWSConsumerSubjectInfoGetGetGoldRecOutParms/subList/resultSetRow/subNameList/resultSetRow/idSubNameType,0,1
subNameTypeCode,WSTypeChar255,/UWSConsumerSubjectInfoGetGetGoldRecOutParms/subList/resultSetRow/subNameList/resultSetRow/subNameTypeCode,0,1
isActual,WSTypeChar1,/UWSConsumerSubjectInfoGetGetGoldRecOutParms/subList/resultSetRow/subNameList/resultSetRow/isActual,0,1
subOKVEDList,UWSConsumerSubjectInfoGetGetSubOKVEDListOutResultSet,/UWSConsumerSubjectInfoGetGetGoldRecOutParms/subList/resultSetRow/subOKVEDList,0,1
resultSetRow,UWSConsumerSubjectInfoGetGetSubOKVEDListOutResultSetRow,/UWSConsumerSubjectInfoGetGetGoldRecOutParms/subList/resultSetRow/subOKVEDList/resultSetRow,0,unbounded
main,WSTypeChar1,/UWSConsumerSubjectInfoGetGetGoldRecOutParms/subList/resultSetRow/subOKVEDList/resultSetRow/main,0,1
idOKVED,WSTypeDecimal120,/UWSConsumerSubjectInfoGetGetGoldRecOutParms/subList/resultSetRow/subOKVEDList/resultSetRow/idOKVED,0,1
oKVEDCode,WSTypeChar255,/UWSConsumerSubjectInfoGetGetGoldRecOutParms/subList/resultSetRow/subOKVEDList/resultSetRow/oKVEDCode,0,1
idOKVEDType,WSTypeDecimal120,/UWSConsumerSubjectInfoGetGetGoldRecOutParms/subList/resultSetRow/subOKVEDList/resultSetRow/idOKVEDType,0,1
oKVEDTypeCode,WSTypeChar255,/UWSConsumerSubjectInfoGetGetGoldRecOutParms/subList/resultSetRow/subOKVEDList/resultSetRow/oKVEDTypeCode,0,1
idSubOKVED,WSTypeDecimal120,/UWSConsumerSubjectInfoGetGetGoldRecOutParms/subList/resultSetRow/subOKVEDList/resultSetRow/idSubOKVED,0,1
idSub,WSTypeDecimal120,/UWSConsumerSubjectInfoGetGetGoldRecOutParms/subList/resultSetRow/subOKVEDList/resultSetRow/idSub,0,1
conList,UWSConsumerSubjectInfoGetGetConListOutResultSet,/UWSConsumerSubjectInfoGetGetGoldRecOutParms/subList/resultSetRow/conList,0,1
resultSetRow,UWSConsumerSubjectInfoGetGetConListOutResultSetRow,/UWSConsumerSubjectInfoGetGetGoldRecOutParms/subList/resultSetRow/conList/resultSetRow,0,unbounded
conCommon,UWSConsumerSubjectInfoGetGetConCommonOutResultSet,/UWSConsumerSubjectInfoGetGetGoldRecOutParms/subList/resultSetRow/conList/resultSetRow/conCommon,0,1
resultSetRow,UWSConsumerSubjectInfoGetGetConCommonOutResultSetRow,/UWSConsumerSubjectInfoGetGetGoldRecOutParms/subList/resultSetRow/conList/resultSetRow/conCommon/resultSetRow,0,unbounded
name,WSTypeChar255,/UWSConsumerSubjectInfoGetGetGoldRecOutParms/subList/resultSetRow/conList/resultSetRow/conCommon/resultSetRow/name,0,1
idCon,WSTypeDecimal120,/UWSConsumerSubjectInfoGetGetGoldRecOutParms/subList/resultSetRow/conList/resultSetRow/conCommon/resultSetRow/idCon,0,1
idConType,WSTypeDecimal120,/UWSConsumerSubjectInfoGetGetGoldRecOutParms/subList/resultSetRow/conList/resultSetRow/conCommon/resultSetRow/idConType,0,1
conTypeCode,WSTypeChar255,/UWSConsumerSubjectInfoGetGetGoldRecOutParms/subList/resultSetRow/conList/resultSetRow/conCommon/resultSetRow/conTypeCode,0,1
idCifEqConType,WSTypeDecimal120,/UWSConsumerSubjectInfoGetGetGoldRecOutParms/subList/resultSetRow/conList/resultSetRow/conCommon/resultSetRow/idCifEqConType,0,1
cifEqConTypeCode,WSTypeChar255,/UWSConsumerSubjectInfoGetGetGoldRecOutParms/subList/resultSetRow/conList/resultSetRow/conCommon/resultSetRow/cifEqConTypeCode,0,1
idCifEqConSt,WSTypeDecimal120,/UWSConsumerSubjectInfoGetGetGoldRecOutParms/subList/resultSetRow/conList/resultSetRow/conCommon/resultSetRow/idCifEqConSt,0,1
cifEqConStCode,WSTypeChar255,/UWSConsumerSubjectInfoGetGetGoldRecOutParms/subList/resultSetRow/conList/resultSetRow/conCommon/resultSetRow/cifEqConStCode,0,1
idCifEqAddABS,WSTypeDecimal120,/UWSConsumerSubjectInfoGetGetGoldRecOutParms/subList/resultSetRow/conList/resultSetRow/conCommon/resultSetRow/idCifEqAddABS,0,1
cifEqAddABSCode,WSTypeChar255,/UWSConsumerSubjectInfoGetGetGoldRecOutParms/subList/resultSetRow/conList/resultSetRow/conCommon/resultSetRow/cifEqAddABSCode,0,1
cifEqABSGrade,WSTypeDecimal120,/UWSConsumerSubjectInfoGetGetGoldRecOutParms/subList/resultSetRow/conList/resultSetRow/conCommon/resultSetRow/cifEqABSGrade,0,1
cifEqLifeCycleSt,WSTypeChar1,/UWSConsumerSubjectInfoGetGetGoldRecOutParms/subList/resultSetRow/conList/resultSetRow/conCommon/resultSetRow/cifEqLifeCycleSt,0,1
isInCifEq,WSTypeChar1,/UWSConsumerSubjectInfoGetGetGoldRecOutParms/subList/resultSetRow/conList/resultSetRow/conCommon/resultSetRow/isInCifEq,0,1
cifEqEditDate,WSTypeChar255,/UWSConsumerSubjectInfoGetGetGoldRecOutParms/subList/resultSetRow/conList/resultSetRow/conCommon/resultSetRow/cifEqEditDate,0,1
email,UWSConsumerSubjectInfoGetGetEmailOutResultSet,/UWSConsumerSubjectInfoGetGetGoldRecOutParms/subList/resultSetRow/conList/resultSetRow/email,0,1
resultSetRow,UWSConsumerSubjectInfoGetGetEmailOutResultSetRow,/UWSConsumerSubjectInfoGetGetGoldRecOutParms/subList/resultSetRow/conList/resultSetRow/email/resultSetRow,0,unbounded
email,WSTypeChar255,/UWSConsumerSubjectInfoGetGetGoldRecOutParms/subList/resultSetRow/conList/resultSetRow/email/resultSetRow/email,0,1
isActual,WSTypeChar1,/UWSConsumerSubjectInfoGetGetGoldRecOutParms/subList/resultSetRow/conList/resultSetRow/email/resultSetRow/isActual,0,1
idEmail,WSTypeDecimal120,/UWSConsumerSubjectInfoGetGetGoldRecOutParms/subList/resultSetRow/conList/resultSetRow/email/resultSetRow/idEmail,0,1
idEmailType,WSTypeDecimal120,/UWSConsumerSubjectInfoGetGetGoldRecOutParms/subList/resultSetRow/conList/resultSetRow/email/resultSetRow/idEmailType,0,1
emailTypeCode,WSTypeChar255,/UWSConsumerSubjectInfoGetGetGoldRecOutParms/subList/resultSetRow/conList/resultSetRow/email/resultSetRow/emailTypeCode,0,1
addr,UWSConsumerSubjectInfoGetGetAddrOutResultSet,/UWSConsumerSubjectInfoGetGetGoldRecOutParms/subList/resultSetRow/conList/resultSetRow/addr,0,1
resultSetRow,UWSConsumerSubjectInfoGetGetAddrOutResultSetRow,/UWSConsumerSubjectInfoGetGetGoldRecOutParms/subList/resultSetRow/conList/resultSetRow/addr/resultSetRow,0,unbounded
addr,WSTypeChar255,/UWSConsumerSubjectInfoGetGetGoldRecOutParms/subList/resultSetRow/conList/resultSetRow/addr/resultSetRow/addr,0,1
isGoldRecord,WSTypeChar1,/UWSConsumerSubjectInfoGetGetGoldRecOutParms/subList/resultSetRow/conList/resultSetRow/addr/resultSetRow/isGoldRecord,0,1
fIAS,WSTypeChar255,/UWSConsumerSubjectInfoGetGetGoldRecOutParms/subList/resultSetRow/conList/resultSetRow/addr/resultSetRow/fIAS,0,1
kLADR,WSTypeChar255,/UWSConsumerSubjectInfoGetGetGoldRecOutParms/subList/resultSetRow/conList/resultSetRow/addr/resultSetRow/kLADR,0,1
regDate,WSTypeChar255,/UWSConsumerSubjectInfoGetGetGoldRecOutParms/subList/resultSetRow/conList/resultSetRow/addr/resultSetRow/regDate,0,1
idAddr,WSTypeDecimal120,/UWSConsumerSubjectInfoGetGetGoldRecOutParms/subList/resultSetRow/conList/resultSetRow/addr/resultSetRow/idAddr,0,1
idAddrType,WSTypeDecimal120,/UWSConsumerSubjectInfoGetGetGoldRecOutParms/subList/resultSetRow/conList/resultSetRow/addr/resultSetRow/idAddrType,0,1
addrTypeCode,WSTypeChar255,/UWSConsumerSubjectInfoGetGetGoldRecOutParms/subList/resultSetRow/conList/resultSetRow/addr/resultSetRow/addrTypeCode,0,1
postCode,WSTypeChar255,/UWSConsumerSubjectInfoGetGetGoldRecOutParms/subList/resultSetRow/conList/resultSetRow/addr/resultSetRow/postCode,0,1
district,WSTypeChar255,/UWSConsumerSubjectInfoGetGetGoldRecOutParms/subList/resultSetRow/conList/resultSetRow/addr/resultSetRow/district,0,1
city,WSTypeChar255,/UWSConsumerSubjectInfoGetGetGoldRecOutParms/subList/resultSetRow/conList/resultSetRow/addr/resultSetRow/city,0,1
inhLoc,WSTypeChar255,/UWSConsumerSubjectInfoGetGetGoldRecOutParms/subList/resultSetRow/conList/resultSetRow/addr/resultSetRow/inhLoc,0,1
street,WSTypeChar255,/UWSConsumerSubjectInfoGetGetGoldRecOutParms/subList/resultSetRow/conList/resultSetRow/addr/resultSetRow/street,0,1
house,WSTypeChar255,/UWSConsumerSubjectInfoGetGetGoldRecOutParms/subList/resultSetRow/conList/resultSetRow/addr/resultSetRow/house,0,1
buildNum,WSTypeChar255,/UWSConsumerSubjectInfoGetGetGoldRecOutParms/subList/resultSetRow/conList/resultSetRow/addr/resultSetRow/buildNum,0,1
flat,WSTypeChar255,/UWSConsumerSubjectInfoGetGetGoldRecOutParms/subList/resultSetRow/conList/resultSetRow/addr/resultSetRow/flat,0,1
sWIFTAddrB,WSTypeChar255,/UWSConsumerSubjectInfoGetGetGoldRecOutParms/subList/resultSetRow/conList/resultSetRow/addr/resultSetRow/sWIFTAddrB,0,1
sWIFTAddrC,WSTypeChar255,/UWSConsumerSubjectInfoGetGetGoldRecOutParms/subList/resultSetRow/conList/resultSetRow/addr/resultSetRow/sWIFTAddrC,0,1
sWIFTAddrL,WSTypeChar255,/UWSConsumerSubjectInfoGetGetGoldRecOutParms/subList/resultSetRow/conList/resultSetRow/addr/resultSetRow/sWIFTAddrL,0,1
sWIFTAddrH,WSTypeChar255,/UWSConsumerSubjectInfoGetGetGoldRecOutParms/subList/resultSetRow/conList/resultSetRow/addr/resultSetRow/sWIFTAddrH,0,1
idCountry,WSTypeDecimal120,/UWSConsumerSubjectInfoGetGetGoldRecOutParms/subList/resultSetRow/conList/resultSetRow/addr/resultSetRow/idCountry,0,1
countryCode,WSTypeChar255,/UWSConsumerSubjectInfoGetGetGoldRecOutParms/subList/resultSetRow/conList/resultSetRow/addr/resultSetRow/countryCode,0,1
idRayonType,WSTypeDecimal120,/UWSConsumerSubjectInfoGetGetGoldRecOutParms/subList/resultSetRow/conList/resultSetRow/addr/resultSetRow/idRayonType,0,1
rayonTypeCode,WSTypeChar255,/UWSConsumerSubjectInfoGetGetGoldRecOutParms/subList/resultSetRow/conList/resultSetRow/addr/resultSetRow/rayonTypeCode,0,1
idInhLocType,WSTypeDecimal120,/UWSConsumerSubjectInfoGetGetGoldRecOutParms/subList/resultSetRow/conList/resultSetRow/addr/resultSetRow/idInhLocType,0,1
inhLocTypeCode,WSTypeChar255,/UWSConsumerSubjectInfoGetGetGoldRecOutParms/subList/resultSetRow/conList/resultSetRow/addr/resultSetRow/inhLocTypeCode,0,1
idStreetType,WSTypeDecimal120,/UWSConsumerSubjectInfoGetGetGoldRecOutParms/subList/resultSetRow/conList/resultSetRow/addr/resultSetRow/idStreetType,0,1
streetTypeCode,WSTypeChar255,/UWSConsumerSubjectInfoGetGetGoldRecOutParms/subList/resultSetRow/conList/resultSetRow/addr/resultSetRow/streetTypeCode,0,1
idRegCode,WSTypeDecimal120,/UWSConsumerSubjectInfoGetGetGoldRecOutParms/subList/resultSetRow/conList/resultSetRow/addr/resultSetRow/idRegCode,0,1
regCodeCode,WSTypeChar255,/UWSConsumerSubjectInfoGetGetGoldRecOutParms/subList/resultSetRow/conList/resultSetRow/addr/resultSetRow/regCodeCode,0,1
empty,WSTypeChar1,/UWSConsumerSubjectInfoGetGetGoldRecOutParms/subList/resultSetRow/conList/resultSetRow/addr/resultSetRow/empty,0,1
phone,UWSConsumerSubjectInfoGetGetPhoneOutResultSet,/UWSConsumerSubjectInfoGetGetGoldRecOutParms/subList/resultSetRow/conList/resultSetRow/phone,0,1
resultSetRow,UWSConsumerSubjectInfoGetGetPhoneOutResultSetRow,/UWSConsumerSubjectInfoGetGetGoldRecOutParms/subList/resultSetRow/conList/resultSetRow/phone/resultSetRow,0,unbounded
phone,WSTypeChar255,/UWSConsumerSubjectInfoGetGetGoldRecOutParms/subList/resultSetRow/conList/resultSetRow/phone/resultSetRow/phone,0,1
isActual,WSTypeChar1,/UWSConsumerSubjectInfoGetGetGoldRecOutParms/subList/resultSetRow/conList/resultSetRow/phone/resultSetRow/isActual,0,1
idPhone,WSTypeDecimal120,/UWSConsumerSubjectInfoGetGetGoldRecOutParms/subList/resultSetRow/conList/resultSetRow/phone/resultSetRow/idPhone,0,1
idPhoneType,WSTypeDecimal120,/UWSConsumerSubjectInfoGetGetGoldRecOutParms/subList/resultSetRow/conList/resultSetRow/phone/resultSetRow/idPhoneType,0,1
phoneTypeCode,WSTypeChar255,/UWSConsumerSubjectInfoGetGetGoldRecOutParms/subList/resultSetRow/conList/resultSetRow/phone/resultSetRow/phoneTypeCode,0,1
web,UWSConsumerSubjectInfoGetGetWebOutResultSet,/UWSConsumerSubjectInfoGetGetGoldRecOutParms/subList/resultSetRow/conList/resultSetRow/web,0,1
resultSetRow,UWSConsumerSubjectInfoGetGetWebOutResultSetRow,/UWSConsumerSubjectInfoGetGetGoldRecOutParms/subList/resultSetRow/conList/resultSetRow/web/resultSetRow,0,unbounded
idWeb,WSTypeDecimal120,/UWSConsumerSubjectInfoGetGetGoldRecOutParms/subList/resultSetRow/conList/resultSetRow/web/resultSetRow/idWeb,0,1
web,WSTypeChar255,/UWSConsumerSubjectInfoGetGetGoldRecOutParms/subList/resultSetRow/conList/resultSetRow/web/resultSetRow/web,0,1
idWebType,WSTypeDecimal120,/UWSConsumerSubjectInfoGetGetGoldRecOutParms/subList/resultSetRow/conList/resultSetRow/web/resultSetRow/idWebType,0,1
webTypeCode,WSTypeChar255,/UWSConsumerSubjectInfoGetGetGoldRecOutParms/subList/resultSetRow/conList/resultSetRow/web/resultSetRow/webTypeCode,0,1
isActual,WSTypeChar1,/UWSConsumerSubjectInfoGetGetGoldRecOutParms/subList/resultSetRow/conList/resultSetRow/web/resultSetRow/isActual,0,1
subCon,UWSConsumerSubjectInfoGetGetSubConOutResultSet,/UWSConsumerSubjectInfoGetGetGoldRecOutParms/subList/resultSetRow/conList/resultSetRow/subCon,0,1
resultSetRow,UWSConsumerSubjectInfoGetGetSubConOutResultSetRow,/UWSConsumerSubjectInfoGetGetGoldRecOutParms/subList/resultSetRow/conList/resultSetRow/subCon/resultSetRow,0,unbounded
open,WSTypeChar255,/UWSConsumerSubjectInfoGetGetGoldRecOutParms/subList/resultSetRow/conList/resultSetRow/subCon/resultSetRow/open,0,1
close,WSTypeChar255,/UWSConsumerSubjectInfoGetGetGoldRecOutParms/subList/resultSetRow/conList/resultSetRow/subCon/resultSetRow/close,0,1
idCon,WSTypeDecimal120,/UWSConsumerSubjectInfoGetGetGoldRecOutParms/subList/resultSetRow/conList/resultSetRow/subCon/resultSetRow/idCon,0,1
idSubCon,WSTypeDecimal120,/UWSConsumerSubjectInfoGetGetGoldRecOutParms/subList/resultSetRow/conList/resultSetRow/subCon/resultSetRow/idSubCon,0,1
idSub,WSTypeDecimal120,/UWSConsumerSubjectInfoGetGetGoldRecOutParms/subList/resultSetRow/conList/resultSetRow/subCon/resultSetRow/idSub,0,1
desc,WSTypeChar255,/UWSConsumerSubjectInfoGetGetGoldRecOutParms/subList/resultSetRow/conList/resultSetRow/subCon/resultSetRow/desc,0,1
subConStatusCode,WSTypeChar255,/UWSConsumerSubjectInfoGetGetGoldRecOutParms/subList/resultSetRow/conList/resultSetRow/subCon/resultSetRow/subConStatusCode,0,1
conPinList,UWSConsumerSubjectInfoGetGetConPinListOutResultSet,/UWSConsumerSubjectInfoGetGetGoldRecOutParms/subList/resultSetRow/conList/resultSetRow/conPinList,0,1
resultSetRow,UWSConsumerSubjectInfoGetGetConPinListOutResultSetRow,/UWSConsumerSubjectInfoGetGetGoldRecOutParms/subList/resultSetRow/conList/resultSetRow/conPinList/resultSetRow,0,unbounded
sysSource,WSTypeChar1,/UWSConsumerSubjectInfoGetGetGoldRecOutParms/subList/resultSetRow/conList/resultSetRow/conPinList/resultSetRow/sysSource,0,1
idABS,WSTypeDecimal120,/UWSConsumerSubjectInfoGetGetGoldRecOutParms/subList/resultSetRow/conList/resultSetRow/conPinList/resultSetRow/idABS,0,1
aBSCode,WSTypeChar255,/UWSConsumerSubjectInfoGetGetGoldRecOutParms/subList/resultSetRow/conList/resultSetRow/conPinList/resultSetRow/aBSCode,0,1
idConABS,WSTypeDecimal120,/UWSConsumerSubjectInfoGetGetGoldRecOutParms/subList/resultSetRow/conList/resultSetRow/conPinList/resultSetRow/idConABS,0,1
idCon,WSTypeDecimal120,/UWSConsumerSubjectInfoGetGetGoldRecOutParms/subList/resultSetRow/conList/resultSetRow/conPinList/resultSetRow/idCon,0,1
pin,WSTypeChar255,/UWSConsumerSubjectInfoGetGetGoldRecOutParms/subList/resultSetRow/conList/resultSetRow/conPinList/resultSetRow/pin,0,1
docList,UWSConsumerSubjectInfoGetGetDocListOutResultSet,/UWSConsumerSubjectInfoGetGetGoldRecOutParms/subList/resultSetRow/docList,0,1
resultSetRow,UWSConsumerSubjectInfoGetGetDocListOutResultSetRow,/UWSConsumerSubjectInfoGetGetGoldRecOutParms/subList/resultSetRow/docList/resultSetRow,0,unbounded
docCommon,UWSConsumerSubjectInfoGetGetDocCommonOutResultSet,/UWSConsumerSubjectInfoGetGetGoldRecOutParms/subList/resultSetRow/docList/resultSetRow/docCommon,0,1
resultSetRow,UWSConsumerSubjectInfoGetGetDocCommonOutResultSetRow,/UWSConsumerSubjectInfoGetGetGoldRecOutParms/subList/resultSetRow/docList/resultSetRow/docCommon/resultSetRow,0,unbounded
isActual,WSTypeChar1,/UWSConsumerSubjectInfoGetGetGoldRecOutParms/subList/resultSetRow/docList/resultSetRow/docCommon/resultSetRow/isActual,0,1
isGoldRecord,WSTypeChar1,/UWSConsumerSubjectInfoGetGetGoldRecOutParms/subList/resultSetRow/docList/resultSetRow/docCommon/resultSetRow/isGoldRecord,0,1
isMain,WSTypeChar1,/UWSConsumerSubjectInfoGetGetGoldRecOutParms/subList/resultSetRow/docList/resultSetRow/docCommon/resultSetRow/isMain,0,1
beginDate,WSTypeDate,/UWSConsumerSubjectInfoGetGetGoldRecOutParms/subList/resultSetRow/docList/resultSetRow/docCommon/resultSetRow/beginDate,0,1
endDate,WSTypeDate,/UWSConsumerSubjectInfoGetGetGoldRecOutParms/subList/resultSetRow/docList/resultSetRow/docCommon/resultSetRow/endDate,0,1
idDocType,WSTypeDecimal120,/UWSConsumerSubjectInfoGetGetGoldRecOutParms/subList/resultSetRow/docList/resultSetRow/docCommon/resultSetRow/idDocType,0,1
docTypeCode,WSTypeChar255,/UWSConsumerSubjectInfoGetGetGoldRecOutParms/subList/resultSetRow/docList/resultSetRow/docCommon/resultSetRow/docTypeCode,0,1
idDoc,WSTypeDecimal120,/UWSConsumerSubjectInfoGetGetGoldRecOutParms/subList/resultSetRow/docList/resultSetRow/docCommon/resultSetRow/idDoc,0,1
issuedBy,WSTypeChar255,/UWSConsumerSubjectInfoGetGetGoldRecOutParms/subList/resultSetRow/docList/resultSetRow/docCommon/resultSetRow/issuedBy,0,1
issuedPlace,WSTypeChar255,/UWSConsumerSubjectInfoGetGetGoldRecOutParms/subList/resultSetRow/docList/resultSetRow/docCommon/resultSetRow/issuedPlace,0,1
linkedMaster,WSTypeChar255,/UWSConsumerSubjectInfoGetGetGoldRecOutParms/subList/resultSetRow/docList/resultSetRow/docCommon/resultSetRow/linkedMaster,0,1
name,WSTypeChar255,/UWSConsumerSubjectInfoGetGetGoldRecOutParms/subList/resultSetRow/docList/resultSetRow/docCommon/resultSetRow/name,0,1
number,WSTypeChar255,/UWSConsumerSubjectInfoGetGetGoldRecOutParms/subList/resultSetRow/docList/resultSetRow/docCommon/resultSetRow/number,0,1
series,WSTypeChar255,/UWSConsumerSubjectInfoGetGetGoldRecOutParms/subList/resultSetRow/docList/resultSetRow/docCommon/resultSetRow/series,0,1
docTypeEQCode,WSTypeChar255,/UWSConsumerSubjectInfoGetGetGoldRecOutParms/subList/resultSetRow/docList/resultSetRow/docCommon/resultSetRow/docTypeEQCode,0,1
subDoc,UWSConsumerSubjectInfoGetGetSubDocOutResultSet,/UWSConsumerSubjectInfoGetGetGoldRecOutParms/subList/resultSetRow/docList/resultSetRow/subDoc,0,1
resultSetRow,UWSConsumerSubjectInfoGetGetSubDocOutResultSetRow,/UWSConsumerSubjectInfoGetGetGoldRecOutParms/subList/resultSetRow/docList/resultSetRow/subDoc/resultSetRow,0,unbounded
open,WSTypeChar255,/UWSConsumerSubjectInfoGetGetGoldRecOutParms/subList/resultSetRow/docList/resultSetRow/subDoc/resultSetRow/open,0,1
idDoc,WSTypeDecimal120,/UWSConsumerSubjectInfoGetGetGoldRecOutParms/subList/resultSetRow/docList/resultSetRow/subDoc/resultSetRow/idDoc,0,1
idSubDoc,WSTypeDecimal120,/UWSConsumerSubjectInfoGetGetGoldRecOutParms/subList/resultSetRow/docList/resultSetRow/subDoc/resultSetRow/idSubDoc,0,1
idSub,WSTypeDecimal120,/UWSConsumerSubjectInfoGetGetGoldRecOutParms/subList/resultSetRow/docList/resultSetRow/subDoc/resultSetRow/idSub,0,1
desc,WSTypeChar255,/UWSConsumerSubjectInfoGetGetGoldRecOutParms/subList/resultSetRow/docList/resultSetRow/subDoc/resultSetRow/desc,0,1
docPinList,UWSConsumerSubjectInfoGetGetDocPinListOutResultSet,/UWSConsumerSubjectInfoGetGetGoldRecOutParms/subList/resultSetRow/docList/resultSetRow/docPinList,0,1
resultSetRow,UWSConsumerSubjectInfoGetGetDocPinListOutResultSetRow,/UWSConsumerSubjectInfoGetGetGoldRecOutParms/subList/resultSetRow/docList/resultSetRow/docPinList/resultSetRow,0,unbounded
sysSource,WSTypeChar1,/UWSConsumerSubjectInfoGetGetGoldRecOutParms/subList/resultSetRow/docList/resultSetRow/docPinList/resultSetRow/sysSource,0,1
idABS,WSTypeDecimal120,/UWSConsumerSubjectInfoGetGetGoldRecOutParms/subList/resultSetRow/docList/resultSetRow/docPinList/resultSetRow/idABS,0,1
aBSCode,WSTypeChar255,/UWSConsumerSubjectInfoGetGetGoldRecOutParms/subList/resultSetRow/docList/resultSetRow/docPinList/resultSetRow/aBSCode,0,1
idDocABS,WSTypeDecimal120,/UWSConsumerSubjectInfoGetGetGoldRecOutParms/subList/resultSetRow/docList/resultSetRow/docPinList/resultSetRow/idDocABS,0,1
idDoc,WSTypeDecimal120,/UWSConsumerSubjectInfoGetGetGoldRecOutParms/subList/resultSetRow/docList/resultSetRow/docPinList/resultSetRow/idDoc,0,1
pin,WSTypeChar255,/UWSConsumerSubjectInfoGetGetGoldRecOutParms/subList/resultSetRow/docList/resultSetRow/docPinList/resultSetRow/pin,0,1
dealList,UWSConsumerSubjectInfoGetGetDealListOutResultSet,/UWSConsumerSubjectInfoGetGetGoldRecOutParms/subList/resultSetRow/dealList,0,1
resultSetRow,UWSConsumerSubjectInfoGetGetDealListOutResultSetRow,/UWSConsumerSubjectInfoGetGetGoldRecOutParms/subList/resultSetRow/dealList/resultSetRow,0,unbounded
dealCommon,UWSConsumerSubjectInfoGetGetDealCommonOutResultSet,/UWSConsumerSubjectInfoGetGetGoldRecOutParms/subList/resultSetRow/dealList/resultSetRow/dealCommon,0,1
resultSetRow,UWSConsumerSubjectInfoGetGetDealCommonOutResultSetRow,/UWSConsumerSubjectInfoGetGetGoldRecOutParms/subList/resultSetRow/dealList/resultSetRow/dealCommon/resultSetRow,0,unbounded
linkedMaster,WSTypeChar255,/UWSConsumerSubjectInfoGetGetGoldRecOutParms/subList/resultSetRow/dealList/resultSetRow/dealCommon/resultSetRow/linkedMaster,0,1
idDeal,WSTypeDecimal120,/UWSConsumerSubjectInfoGetGetGoldRecOutParms/subList/resultSetRow/dealList/resultSetRow/dealCommon/resultSetRow/idDeal,0,1
idProduct,WSTypeDecimal120,/UWSConsumerSubjectInfoGetGetGoldRecOutParms/subList/resultSetRow/dealList/resultSetRow/dealCommon/resultSetRow/idProduct,0,1
productCode,WSTypeChar255,/UWSConsumerSubjectInfoGetGetGoldRecOutParms/subList/resultSetRow/dealList/resultSetRow/dealCommon/resultSetRow/productCode,0,1
dealReg,WSTypeDate,/UWSConsumerSubjectInfoGetGetGoldRecOutParms/subList/resultSetRow/dealList/resultSetRow/dealCommon/resultSetRow/dealReg,0,1
bonusNum,WSTypeChar255,/UWSConsumerSubjectInfoGetGetGoldRecOutParms/subList/resultSetRow/dealList/resultSetRow/dealCommon/resultSetRow/bonusNum,0,1
cardProcessingNum,WSTypeDecimal200,/UWSConsumerSubjectInfoGetGetGoldRecOutParms/subList/resultSetRow/dealList/resultSetRow/dealCommon/resultSetRow/cardProcessingNum,0,1
dealDocNumber,WSTypeChar255,/UWSConsumerSubjectInfoGetGetGoldRecOutParms/subList/resultSetRow/dealList/resultSetRow/dealCommon/resultSetRow/dealDocNumber,0,1
open,WSTypeDate,/UWSConsumerSubjectInfoGetGetGoldRecOutParms/subList/resultSetRow/dealList/resultSetRow/dealCommon/resultSetRow/open,0,1
close,WSTypeDate,/UWSConsumerSubjectInfoGetGetGoldRecOutParms/subList/resultSetRow/dealList/resultSetRow/dealCommon/resultSetRow/close,0,1
idDealType,WSTypeDecimal120,/UWSConsumerSubjectInfoGetGetGoldRecOutParms/subList/resultSetRow/dealList/resultSetRow/dealCommon/resultSetRow/idDealType,0,1
dealTypeCode,WSTypeChar100,/UWSConsumerSubjectInfoGetGetGoldRecOutParms/subList/resultSetRow/dealList/resultSetRow/dealCommon/resultSetRow/dealTypeCode,0,1
idDealKind,WSTypeDecimal120,/UWSConsumerSubjectInfoGetGetGoldRecOutParms/subList/resultSetRow/dealList/resultSetRow/dealCommon/resultSetRow/idDealKind,0,1
dealKindCode,WSTypeChar100,/UWSConsumerSubjectInfoGetGetGoldRecOutParms/subList/resultSetRow/dealList/resultSetRow/dealCommon/resultSetRow/dealKindCode,0,1
subDealList,UWSConsumerSubjectInfoGetGetSubDealListOutResultSet,/UWSConsumerSubjectInfoGetGetGoldRecOutParms/subList/resultSetRow/dealList/resultSetRow/subDealList,0,1
resultSetRow,UWSConsumerSubjectInfoGetGetSubDealListOutResultSetRow,/UWSConsumerSubjectInfoGetGetGoldRecOutParms/subList/resultSetRow/dealList/resultSetRow/subDealList/resultSetRow,0,unbounded
idDeal,WSTypeDecimal120,/UWSConsumerSubjectInfoGetGetGoldRecOutParms/subList/resultSetRow/dealList/resultSetRow/subDealList/resultSetRow/idDeal,0,1
idSub,WSTypeDecimal120,/UWSConsumerSubjectInfoGetGetGoldRecOutParms/subList/resultSetRow/dealList/resultSetRow/subDealList/resultSetRow/idSub,0,1
idSubDeal,WSTypeDecimal120,/UWSConsumerSubjectInfoGetGetGoldRecOutParms/subList/resultSetRow/dealList/resultSetRow/subDealList/resultSetRow/idSubDeal,0,1
idDealSubRole,WSTypeDecimal120,/UWSConsumerSubjectInfoGetGetGoldRecOutParms/subList/resultSetRow/dealList/resultSetRow/subDealList/resultSetRow/idDealSubRole,0,1
open,WSTypeDate,/UWSConsumerSubjectInfoGetGetGoldRecOutParms/subList/resultSetRow/dealList/resultSetRow/subDealList/resultSetRow/open,0,1
close,WSTypeDate,/UWSConsumerSubjectInfoGetGetGoldRecOutParms/subList/resultSetRow/dealList/resultSetRow/subDealList/resultSetRow/close,0,1
dealSubRoleCode,WSTypeChar255,/UWSConsumerSubjectInfoGetGetGoldRecOutParms/subList/resultSetRow/dealList/resultSetRow/subDealList/resultSetRow/dealSubRoleCode,0,1
dealPinList,UWSConsumerSubjectInfoGetGetDealPinListOutResultSet,/UWSConsumerSubjectInfoGetGetGoldRecOutParms/subList/resultSetRow/dealList/resultSetRow/dealPinList,0,1
resultSetRow,UWSConsumerSubjectInfoGetGetDealPinListOutResultSetRow,/UWSConsumerSubjectInfoGetGetGoldRecOutParms/subList/resultSetRow/dealList/resultSetRow/dealPinList/resultSetRow,0,unbounded
sysSource,WSTypeChar1,/UWSConsumerSubjectInfoGetGetGoldRecOutParms/subList/resultSetRow/dealList/resultSetRow/dealPinList/resultSetRow/sysSource,0,1
idABS,WSTypeDecimal120,/UWSConsumerSubjectInfoGetGetGoldRecOutParms/subList/resultSetRow/dealList/resultSetRow/dealPinList/resultSetRow/idABS,0,1
aBSCode,WSTypeChar255,/UWSConsumerSubjectInfoGetGetGoldRecOutParms/subList/resultSetRow/dealList/resultSetRow/dealPinList/resultSetRow/aBSCode,0,1
idDealABS,WSTypeDecimal120,/UWSConsumerSubjectInfoGetGetGoldRecOutParms/subList/resultSetRow/dealList/resultSetRow/dealPinList/resultSetRow/idDealABS,0,1
idDeal,WSTypeDecimal120,/UWSConsumerSubjectInfoGetGetGoldRecOutParms/subList/resultSetRow/dealList/resultSetRow/dealPinList/resultSetRow/idDeal,0,1
pin,WSTypeChar255,/UWSConsumerSubjectInfoGetGetGoldRecOutParms/subList/resultSetRow/dealList/resultSetRow/dealPinList/resultSetRow/pin,0,1
main,WSTypeChar1,/UWSConsumerSubjectInfoGetGetGoldRecOutParms/subList/resultSetRow/dealList/resultSetRow/dealPinList/resultSetRow/main,0,1
comList,UWSConsumerSubjectInfoGetGetComListOutResultSet,/UWSConsumerSubjectInfoGetGetGoldRecOutParms/subList/resultSetRow/comList,0,1
resultSetRow,UWSConsumerSubjectInfoGetGetComListOutResultSetRow,/UWSConsumerSubjectInfoGetGetGoldRecOutParms/subList/resultSetRow/comList/resultSetRow,0,unbounded
comCommon,UWSConsumerSubjectInfoGetGetComCommonOutResultSet,/UWSConsumerSubjectInfoGetGetGoldRecOutParms/subList/resultSetRow/comList/resultSetRow/comCommon,0,1
resultSetRow,UWSConsumerSubjectInfoGetGetComCommonOutResultSetRow,/UWSConsumerSubjectInfoGetGetGoldRecOutParms/subList/resultSetRow/comList/resultSetRow/comCommon/resultSetRow,0,unbounded
idCom,WSTypeDecimal120,/UWSConsumerSubjectInfoGetGetGoldRecOutParms/subList/resultSetRow/comList/resultSetRow/comCommon/resultSetRow/idCom,0,1
isForward,WSTypeChar1,/UWSConsumerSubjectInfoGetGetGoldRecOutParms/subList/resultSetRow/comList/resultSetRow/comCommon/resultSetRow/isForward,0,1
close,WSTypeChar255,/UWSConsumerSubjectInfoGetGetGoldRecOutParms/subList/resultSetRow/comList/resultSetRow/comCommon/resultSetRow/close,0,1
endFactDate,WSTypeChar255,/UWSConsumerSubjectInfoGetGetGoldRecOutParms/subList/resultSetRow/comList/resultSetRow/comCommon/resultSetRow/endFactDate,0,1
open,WSTypeChar255,/UWSConsumerSubjectInfoGetGetGoldRecOutParms/subList/resultSetRow/comList/resultSetRow/comCommon/resultSetRow/open,0,1
planDate,WSTypeChar255,/UWSConsumerSubjectInfoGetGetGoldRecOutParms/subList/resultSetRow/comList/resultSetRow/comCommon/resultSetRow/planDate,0,1
idComGoal,WSTypeDecimal120,/UWSConsumerSubjectInfoGetGetGoldRecOutParms/subList/resultSetRow/comList/resultSetRow/comCommon/resultSetRow/idComGoal,0,1
comGoalCode,WSTypeChar255,/UWSConsumerSubjectInfoGetGetGoldRecOutParms/subList/resultSetRow/comList/resultSetRow/comCommon/resultSetRow/comGoalCode,0,1
idComResType,WSTypeDecimal120,/UWSConsumerSubjectInfoGetGetGoldRecOutParms/subList/resultSetRow/comList/resultSetRow/comCommon/resultSetRow/idComResType,0,1
comResTypeCode,WSTypeChar255,/UWSConsumerSubjectInfoGetGetGoldRecOutParms/subList/resultSetRow/comList/resultSetRow/comCommon/resultSetRow/comResTypeCode,0,1
idComScenario,WSTypeDecimal120,/UWSConsumerSubjectInfoGetGetGoldRecOutParms/subList/resultSetRow/comList/resultSetRow/comCommon/resultSetRow/idComScenario,0,1
comScenarioCode,WSTypeChar255,/UWSConsumerSubjectInfoGetGetGoldRecOutParms/subList/resultSetRow/comList/resultSetRow/comCommon/resultSetRow/comScenarioCode,0,1
idComSt,WSTypeDecimal120,/UWSConsumerSubjectInfoGetGetGoldRecOutParms/subList/resultSetRow/comList/resultSetRow/comCommon/resultSetRow/idComSt,0,1
comStCode,WSTypeChar255,/UWSConsumerSubjectInfoGetGetGoldRecOutParms/subList/resultSetRow/comList/resultSetRow/comCommon/resultSetRow/comStCode,0,1
idComType,WSTypeDecimal120,/UWSConsumerSubjectInfoGetGetGoldRecOutParms/subList/resultSetRow/comList/resultSetRow/comCommon/resultSetRow/idComType,0,1
comTypeCode,WSTypeChar255,/UWSConsumerSubjectInfoGetGetGoldRecOutParms/subList/resultSetRow/comList/resultSetRow/comCommon/resultSetRow/comTypeCode,0,1
idCon,WSTypeDecimal120,/UWSConsumerSubjectInfoGetGetGoldRecOutParms/subList/resultSetRow/comList/resultSetRow/comCommon/resultSetRow/idCon,0,1
idSalesCh,WSTypeDecimal120,/UWSConsumerSubjectInfoGetGetGoldRecOutParms/subList/resultSetRow/comList/resultSetRow/comCommon/resultSetRow/idSalesCh,0,1
salesChCode,WSTypeChar255,/UWSConsumerSubjectInfoGetGetGoldRecOutParms/subList/resultSetRow/comList/resultSetRow/comCommon/resultSetRow/salesChCode,0,1
comTopic,WSTypeChar255,/UWSConsumerSubjectInfoGetGetGoldRecOutParms/subList/resultSetRow/comList/resultSetRow/comCommon/resultSetRow/comTopic,0,1
desc,WSTypeChar255,/UWSConsumerSubjectInfoGetGetGoldRecOutParms/subList/resultSetRow/comList/resultSetRow/comCommon/resultSetRow/desc,0,1
place,WSTypeChar255,/UWSConsumerSubjectInfoGetGetGoldRecOutParms/subList/resultSetRow/comList/resultSetRow/comCommon/resultSetRow/place,0,1
res,WSTypeChar255,/UWSConsumerSubjectInfoGetGetGoldRecOutParms/subList/resultSetRow/comList/resultSetRow/comCommon/resultSetRow/res,0,1
subComList,UWSConsumerSubjectInfoGetGetSubComListOutResultSet,/UWSConsumerSubjectInfoGetGetGoldRecOutParms/subList/resultSetRow/comList/resultSetRow/subComList,0,1
resultSetRow,UWSConsumerSubjectInfoGetGetSubComListOutResultSetRow,/UWSConsumerSubjectInfoGetGetGoldRecOutParms/subList/resultSetRow/comList/resultSetRow/subComList/resultSetRow,0,unbounded
idCom,WSTypeDecimal120,/UWSConsumerSubjectInfoGetGetGoldRecOutParms/subList/resultSetRow/comList/resultSetRow/subComList/resultSetRow/idCom,0,1
idSubCom,WSTypeDecimal120,/UWSConsumerSubjectInfoGetGetGoldRecOutParms/subList/resultSetRow/comList/resultSetRow/subComList/resultSetRow/idSubCom,0,1
idSub,WSTypeDecimal120,/UWSConsumerSubjectInfoGetGetGoldRecOutParms/subList/resultSetRow/comList/resultSetRow/subComList/resultSetRow/idSub,0,1
idSubComType,WSTypeDecimal120,/UWSConsumerSubjectInfoGetGetGoldRecOutParms/subList/resultSetRow/comList/resultSetRow/subComList/resultSetRow/idSubComType,0,1
subComTypeCode,WSTypeChar255,/UWSConsumerSubjectInfoGetGetGoldRecOutParms/subList/resultSetRow/comList/resultSetRow/subComList/resultSetRow/subComTypeCode,0,1
desc,WSTypeChar255,/UWSConsumerSubjectInfoGetGetGoldRecOutParms/subList/resultSetRow/comList/resultSetRow/subComList/resultSetRow/desc,0,1
comAlfaEmpList,UWSConsumerSubjectInfoGetGetComAlfaEmpListOutResultSet,/UWSConsumerSubjectInfoGetGetGoldRecOutParms/subList/resultSetRow/comList/resultSetRow/comAlfaEmpList,0,1
resultSetRow,UWSConsumerSubjectInfoGetGetComAlfaEmpListOutResultSetRow,/UWSConsumerSubjectInfoGetGetGoldRecOutParms/subList/resultSetRow/comList/resultSetRow/comAlfaEmpList/resultSetRow,0,unbounded
idAlfaEmp,WSTypeDecimal120,/UWSConsumerSubjectInfoGetGetGoldRecOutParms/subList/resultSetRow/comList/resultSetRow/comAlfaEmpList/resultSetRow/idAlfaEmp,0,1
alfaEmpCode,WSTypeChar255,/UWSConsumerSubjectInfoGetGetGoldRecOutParms/subList/resultSetRow/comList/resultSetRow/comAlfaEmpList/resultSetRow/alfaEmpCode,0,1
idCom,WSTypeDecimal120,/UWSConsumerSubjectInfoGetGetGoldRecOutParms/subList/resultSetRow/comList/resultSetRow/comAlfaEmpList/resultSetRow/idCom,0,1
idComAlfaEmp,WSTypeDecimal120,/UWSConsumerSubjectInfoGetGetGoldRecOutParms/subList/resultSetRow/comList/resultSetRow/comAlfaEmpList/resultSetRow/idComAlfaEmp,0,1
subAlfaPersList,UWSConsumerSubjectInfoGetGetSubAlfaPersListOutResultSet,/UWSConsumerSubjectInfoGetGetGoldRecOutParms/subList/resultSetRow/subAlfaPersList,0,1
resultSetRow,UWSConsumerSubjectInfoGetGetSubAlfaPersListOutResultSetRow,/UWSConsumerSubjectInfoGetGetGoldRecOutParms/subList/resultSetRow/subAlfaPersList/resultSetRow,0,unbounded
idSubAlfaPers,WSTypeDecimal120,/UWSConsumerSubjectInfoGetGetGoldRecOutParms/subList/resultSetRow/subAlfaPersList/resultSetRow/idSubAlfaPers,0,1
idSub,WSTypeDecimal120,/UWSConsumerSubjectInfoGetGetGoldRecOutParms/subList/resultSetRow/subAlfaPersList/resultSetRow/idSub,0,1
open,WSTypeChar255,/UWSConsumerSubjectInfoGetGetGoldRecOutParms/subList/resultSetRow/subAlfaPersList/resultSetRow/open,0,1
close,WSTypeChar255,/UWSConsumerSubjectInfoGetGetGoldRecOutParms/subList/resultSetRow/subAlfaPersList/resultSetRow/close,0,1
idManager,WSTypeDecimal120,/UWSConsumerSubjectInfoGetGetGoldRecOutParms/subList/resultSetRow/subAlfaPersList/resultSetRow/idManager,0,1
managerCode,WSTypeChar255,/UWSConsumerSubjectInfoGetGetGoldRecOutParms/subList/resultSetRow/subAlfaPersList/resultSetRow/managerCode,0,1
managerFIMCode,WSTypeChar255,/UWSConsumerSubjectInfoGetGetGoldRecOutParms/subList/resultSetRow/subAlfaPersList/resultSetRow/managerFIMCode,0,1
idSubRoleType,WSTypeDecimal120,/UWSConsumerSubjectInfoGetGetGoldRecOutParms/subList/resultSetRow/subAlfaPersList/resultSetRow/idSubRoleType,0,1
subRoleTypeCode,WSTypeChar255,/UWSConsumerSubjectInfoGetGetGoldRecOutParms/subList/resultSetRow/subAlfaPersList/resultSetRow/subRoleTypeCode,0,1
idOf,WSTypeDecimal120,/UWSConsumerSubjectInfoGetGetGoldRecOutParms/subList/resultSetRow/subAlfaPersList/resultSetRow/idOf,0,1
ofCode,WSTypeChar255,/UWSConsumerSubjectInfoGetGetGoldRecOutParms/subList/resultSetRow/subAlfaPersList/resultSetRow/ofCode,0,1
idSubOfType,WSTypeDecimal120,/UWSConsumerSubjectInfoGetGetGoldRecOutParms/subList/resultSetRow/subAlfaPersList/resultSetRow/idSubOfType,0,1
subOfTypeCode,WSTypeChar255,/UWSConsumerSubjectInfoGetGetGoldRecOutParms/subList/resultSetRow/subAlfaPersList/resultSetRow/subOfTypeCode,0,1
managerPosition,WSTypeChar255,/UWSConsumerSubjectInfoGetGetGoldRecOutParms/subList/resultSetRow/subAlfaPersList/resultSetRow/managerPosition,0,1
managerMobilePhone,WSTypeChar255,/UWSConsumerSubjectInfoGetGetGoldRecOutParms/subList/resultSetRow/subAlfaPersList/resultSetRow/managerMobilePhone,0,1
managerAlfaPhone,WSTypeChar255,/UWSConsumerSubjectInfoGetGetGoldRecOutParms/subList/resultSetRow/subAlfaPersList/resultSetRow/managerAlfaPhone,0,1
managerAlfaEmail,WSTypeChar255,/UWSConsumerSubjectInfoGetGetGoldRecOutParms/subList/resultSetRow/subAlfaPersList/resultSetRow/managerAlfaEmail,0,1
managerFullName,WSTypeChar255,/UWSConsumerSubjectInfoGetGetGoldRecOutParms/subList/resultSetRow/subAlfaPersList/resultSetRow/managerFullName,0,1
managerIsTemp,WSTypeChar1,/UWSConsumerSubjectInfoGetGetGoldRecOutParms/subList/resultSetRow/subAlfaPersList/resultSetRow/managerIsTemp,0,1
idGroupIdentity,WSTypeDecimal120,/UWSConsumerSubjectInfoGetGetGoldRecOutParms/subList/resultSetRow/subAlfaPersList/resultSetRow/idGroupIdentity,0,1
subAnal,UWSConsumerSubjectInfoGetGetSubAnalOutResultSet,/UWSConsumerSubjectInfoGetGetGoldRecOutParms/subList/resultSetRow/subAnal,0,1
resultSetRow,UWSConsumerSubjectInfoGetGetSubAnalOutResultSetRow,/UWSConsumerSubjectInfoGetGetGoldRecOutParms/subList/resultSetRow/subAnal/resultSetRow,0,unbounded
subAnalCommon,UWSConsumerSubjectInfoGetGetSubAnalCommonOutResultSet,/UWSConsumerSubjectInfoGetGetGoldRecOutParms/subList/resultSetRow/subAnal/resultSetRow/subAnalCommon,0,1
resultSetRow,UWSConsumerSubjectInfoGetGetSubAnalCommonOutResultSetRow,/UWSConsumerSubjectInfoGetGetGoldRecOutParms/subList/resultSetRow/subAnal/resultSetRow/subAnalCommon/resultSetRow,0,unbounded
idSubAnal,WSTypeDecimal120,/UWSConsumerSubjectInfoGetGetGoldRecOutParms/subList/resultSetRow/subAnal/resultSetRow/subAnalCommon/resultSetRow/idSubAnal,0,1
idSub,WSTypeDecimal120,/UWSConsumerSubjectInfoGetGetGoldRecOutParms/subList/resultSetRow/subAnal/resultSetRow/subAnalCommon/resultSetRow/idSub,0,1
dateOfFirstCon,WSTypeDate,/UWSConsumerSubjectInfoGetGetGoldRecOutParms/subList/resultSetRow/subAnal/resultSetRow/subAnalCommon/resultSetRow/dateOfFirstCon,0,1
dFirstAccountDate,WSTypeDate,/UWSConsumerSubjectInfoGetGetGoldRecOutParms/subList/resultSetRow/subAnal/resultSetRow/subAnalCommon/resultSetRow/dFirstAccountDate,0,1
idDebtLevel,WSTypeDecimal120,/UWSConsumerSubjectInfoGetGetGoldRecOutParms/subList/resultSetRow/subAnal/resultSetRow/subAnalCommon/resultSetRow/idDebtLevel,0,1
debtLevelCode,WSTypeChar255,/UWSConsumerSubjectInfoGetGetGoldRecOutParms/subList/resultSetRow/subAnal/resultSetRow/subAnalCommon/resultSetRow/debtLevelCode,0,1
idFinCond,WSTypeDecimal120,/UWSConsumerSubjectInfoGetGetGoldRecOutParms/subList/resultSetRow/subAnal/resultSetRow/subAnalCommon/resultSetRow/idFinCond,0,1
finCondCode,WSTypeChar255,/UWSConsumerSubjectInfoGetGetGoldRecOutParms/subList/resultSetRow/subAnal/resultSetRow/subAnalCommon/resultSetRow/finCondCode,0,1
idRating,WSTypeDecimal120,/UWSConsumerSubjectInfoGetGetGoldRecOutParms/subList/resultSetRow/subAnal/resultSetRow/subAnalCommon/resultSetRow/idRating,0,1
ratingCode,WSTypeChar255,/UWSConsumerSubjectInfoGetGetGoldRecOutParms/subList/resultSetRow/subAnal/resultSetRow/subAnalCommon/resultSetRow/ratingCode,0,1
idSeg,WSTypeDecimal120,/UWSConsumerSubjectInfoGetGetGoldRecOutParms/subList/resultSetRow/subAnal/resultSetRow/subAnalCommon/resultSetRow/idSeg,0,1
segCode,WSTypeChar255,/UWSConsumerSubjectInfoGetGetGoldRecOutParms/subList/resultSetRow/subAnal/resultSetRow/subAnalCommon/resultSetRow/segCode,0,1
idSegRB,WSTypeDecimal120,/UWSConsumerSubjectInfoGetGetGoldRecOutParms/subList/resultSetRow/subAnal/resultSetRow/subAnalCommon/resultSetRow/idSegRB,0,1
segRBCode,WSTypeChar255,/UWSConsumerSubjectInfoGetGetGoldRecOutParms/subList/resultSetRow/subAnal/resultSetRow/subAnalCommon/resultSetRow/segRBCode,0,1
idSubAnalSt,WSTypeDecimal120,/UWSConsumerSubjectInfoGetGetGoldRecOutParms/subList/resultSetRow/subAnal/resultSetRow/subAnalCommon/resultSetRow/idSubAnalSt,0,1
subAnalStCode,WSTypeChar255,/UWSConsumerSubjectInfoGetGetGoldRecOutParms/subList/resultSetRow/subAnal/resultSetRow/subAnalCommon/resultSetRow/subAnalStCode,0,1
idPackServ,WSTypeDecimal120,/UWSConsumerSubjectInfoGetGetGoldRecOutParms/subList/resultSetRow/subAnal/resultSetRow/subAnalCommon/resultSetRow/idPackServ,0,1
packServCode,WSTypeChar255,/UWSConsumerSubjectInfoGetGetGoldRecOutParms/subList/resultSetRow/subAnal/resultSetRow/subAnalCommon/resultSetRow/packServCode,0,1
packServDate,WSTypeChar255,/UWSConsumerSubjectInfoGetGetGoldRecOutParms/subList/resultSetRow/subAnal/resultSetRow/subAnalCommon/resultSetRow/packServDate,0,1
idSegEQSKS,WSTypeDecimal120,/UWSConsumerSubjectInfoGetGetGoldRecOutParms/subList/resultSetRow/subAnal/resultSetRow/subAnalCommon/resultSetRow/idSegEQSKS,0,1
segEQSKSCode,WSTypeChar255,/UWSConsumerSubjectInfoGetGetGoldRecOutParms/subList/resultSetRow/subAnal/resultSetRow/subAnalCommon/resultSetRow/segEQSKSCode,0,1
segEQSKSDate,WSTypeChar255,/UWSConsumerSubjectInfoGetGetGoldRecOutParms/subList/resultSetRow/subAnal/resultSetRow/subAnalCommon/resultSetRow/segEQSKSDate,0,1
subCompanyAnal,UWSConsumerSubjectInfoGetGetSubCompanyAnalOutResultSet,/UWSConsumerSubjectInfoGetGetGoldRecOutParms/subList/resultSetRow/subAnal/resultSetRow/subCompanyAnal,0,1
resultSetRow,UWSConsumerSubjectInfoGetGetSubCompanyAnalOutResultSetRow,/UWSConsumerSubjectInfoGetGetGoldRecOutParms/subList/resultSetRow/subAnal/resultSetRow/subCompanyAnal/resultSetRow,0,unbounded
idSubAnal,WSTypeDecimal120,/UWSConsumerSubjectInfoGetGetGoldRecOutParms/subList/resultSetRow/subAnal/resultSetRow/subCompanyAnal/resultSetRow/idSubAnal,0,1
externalRels,WSTypeChar1,/UWSConsumerSubjectInfoGetGetGoldRecOutParms/subList/resultSetRow/subAnal/resultSetRow/subCompanyAnal/resultSetRow/externalRels,0,1
stateDepend,WSTypeChar1,/UWSConsumerSubjectInfoGetGetGoldRecOutParms/subList/resultSetRow/subAnal/resultSetRow/subCompanyAnal/resultSetRow/stateDepend,0,1
idBusBlock,WSTypeDecimal120,/UWSConsumerSubjectInfoGetGetGoldRecOutParms/subList/resultSetRow/subAnal/resultSetRow/subCompanyAnal/resultSetRow/idBusBlock,0,1
busBlockCode,WSTypeChar255,/UWSConsumerSubjectInfoGetGetGoldRecOutParms/subList/resultSetRow/subAnal/resultSetRow/subCompanyAnal/resultSetRow/busBlockCode,0,1
idClActType,WSTypeDecimal120,/UWSConsumerSubjectInfoGetGetGoldRecOutParms/subList/resultSetRow/subAnal/resultSetRow/subCompanyAnal/resultSetRow/idClActType,0,1
clActTypeCode,WSTypeChar255,/UWSConsumerSubjectInfoGetGetGoldRecOutParms/subList/resultSetRow/subAnal/resultSetRow/subCompanyAnal/resultSetRow/clActTypeCode,0,1
idClSeg,WSTypeDecimal120,/UWSConsumerSubjectInfoGetGetGoldRecOutParms/subList/resultSetRow/subAnal/resultSetRow/subCompanyAnal/resultSetRow/idClSeg,0,1
clSegCode,WSTypeChar255,/UWSConsumerSubjectInfoGetGetGoldRecOutParms/subList/resultSetRow/subAnal/resultSetRow/subCompanyAnal/resultSetRow/clSegCode,0,1
idProblemCat,WSTypeDecimal120,/UWSConsumerSubjectInfoGetGetGoldRecOutParms/subList/resultSetRow/subAnal/resultSetRow/subCompanyAnal/resultSetRow/idProblemCat,0,1
problemCatCode,WSTypeChar255,/UWSConsumerSubjectInfoGetGetGoldRecOutParms/subList/resultSetRow/subAnal/resultSetRow/subCompanyAnal/resultSetRow/problemCatCode,0,1
idRatingCB,WSTypeDecimal120,/UWSConsumerSubjectInfoGetGetGoldRecOutParms/subList/resultSetRow/subAnal/resultSetRow/subCompanyAnal/resultSetRow/idRatingCB,0,1
ratingCBCode,WSTypeChar255,/UWSConsumerSubjectInfoGetGetGoldRecOutParms/subList/resultSetRow/subAnal/resultSetRow/subCompanyAnal/resultSetRow/ratingCBCode,0,1
idSubCat,WSTypeDecimal120,/UWSConsumerSubjectInfoGetGetGoldRecOutParms/subList/resultSetRow/subAnal/resultSetRow/subCompanyAnal/resultSetRow/idSubCat,0,1
subCatCode,WSTypeChar255,/UWSConsumerSubjectInfoGetGetGoldRecOutParms/subList/resultSetRow/subAnal/resultSetRow/subCompanyAnal/resultSetRow/subCatCode,0,1
idSubCat2,WSTypeDecimal120,/UWSConsumerSubjectInfoGetGetGoldRecOutParms/subList/resultSetRow/subAnal/resultSetRow/subCompanyAnal/resultSetRow/idSubCat2,0,1
subCat2Code,WSTypeChar255,/UWSConsumerSubjectInfoGetGetGoldRecOutParms/subList/resultSetRow/subAnal/resultSetRow/subCompanyAnal/resultSetRow/subCat2Code,0,1
subPersonAnal,UWSConsumerSubjectInfoGetGetSubPersonAnalOutResultSet,/UWSConsumerSubjectInfoGetGetGoldRecOutParms/subList/resultSetRow/subAnal/resultSetRow/subPersonAnal,0,1
resultSetRow,UWSConsumerSubjectInfoGetGetSubPersonAnalOutResultSetRow,/UWSConsumerSubjectInfoGetGetGoldRecOutParms/subList/resultSetRow/subAnal/resultSetRow/subPersonAnal/resultSetRow,0,unbounded
idSubAnal,WSTypeDecimal120,/UWSConsumerSubjectInfoGetGetGoldRecOutParms/subList/resultSetRow/subAnal/resultSetRow/subPersonAnal/resultSetRow/idSubAnal,0,1
actflag,WSTypeChar1,/UWSConsumerSubjectInfoGetGetGoldRecOutParms/subList/resultSetRow/subAnal/resultSetRow/subPersonAnal/resultSetRow/actflag,0,1
negative,WSTypeChar1,/UWSConsumerSubjectInfoGetGetGoldRecOutParms/subList/resultSetRow/subAnal/resultSetRow/subPersonAnal/resultSetRow/negative,0,1
onboarding,WSTypeChar1,/UWSConsumerSubjectInfoGetGetGoldRecOutParms/subList/resultSetRow/subAnal/resultSetRow/subPersonAnal/resultSetRow/onboarding,0,1
salaryProjflag,WSTypeChar1,/UWSConsumerSubjectInfoGetGetGoldRecOutParms/subList/resultSetRow/subAnal/resultSetRow/subPersonAnal/resultSetRow/salaryProjflag,0,1
actDate,WSTypeDate,/UWSConsumerSubjectInfoGetGetGoldRecOutParms/subList/resultSetRow/subAnal/resultSetRow/subPersonAnal/resultSetRow/actDate,0,1
calcSegRBDate,WSTypeDate,/UWSConsumerSubjectInfoGetGetGoldRecOutParms/subList/resultSetRow/subAnal/resultSetRow/subPersonAnal/resultSetRow/calcSegRBDate,0,1
packServDate,WSTypeDate,/UWSConsumerSubjectInfoGetGetGoldRecOutParms/subList/resultSetRow/subAnal/resultSetRow/subPersonAnal/resultSetRow/packServDate,0,1
idCalcSegRB,WSTypeDecimal120,/UWSConsumerSubjectInfoGetGetGoldRecOutParms/subList/resultSetRow/subAnal/resultSetRow/subPersonAnal/resultSetRow/idCalcSegRB,0,1
calcSegRBCode,WSTypeChar255,/UWSConsumerSubjectInfoGetGetGoldRecOutParms/subList/resultSetRow/subAnal/resultSetRow/subPersonAnal/resultSetRow/calcSegRBCode,0,1
idOutflow,WSTypeDecimal120,/UWSConsumerSubjectInfoGetGetGoldRecOutParms/subList/resultSetRow/subAnal/resultSetRow/subPersonAnal/resultSetRow/idOutflow,0,1
outflowCode,WSTypeChar255,/UWSConsumerSubjectInfoGetGetGoldRecOutParms/subList/resultSetRow/subAnal/resultSetRow/subPersonAnal/resultSetRow/outflowCode,0,1
outflowDate,WSTypeDate,/UWSConsumerSubjectInfoGetGetGoldRecOutParms/subList/resultSetRow/subAnal/resultSetRow/subPersonAnal/resultSetRow/outflowDate,0,1
idPackServ,WSTypeDecimal120,/UWSConsumerSubjectInfoGetGetGoldRecOutParms/subList/resultSetRow/subAnal/resultSetRow/subPersonAnal/resultSetRow/idPackServ,0,1
packServCode,WSTypeChar255,/UWSConsumerSubjectInfoGetGetGoldRecOutParms/subList/resultSetRow/subAnal/resultSetRow/subPersonAnal/resultSetRow/packServCode,0,1
subFinRepList,UWSConsumerSubjectInfoGetGetSubFinRepListOutResultSet,/UWSConsumerSubjectInfoGetGetGoldRecOutParms/subList/resultSetRow/subFinRepList,0,1
resultSetRow,UWSConsumerSubjectInfoGetGetSubFinRepListOutResultSetRow,/UWSConsumerSubjectInfoGetGetGoldRecOutParms/subList/resultSetRow/subFinRepList/resultSetRow,0,unbounded
idSubFinReport,WSTypeDecimal120,/UWSConsumerSubjectInfoGetGetGoldRecOutParms/subList/resultSetRow/subFinRepList/resultSetRow/idSubFinReport,0,1
calcDate,WSTypeChar255,/UWSConsumerSubjectInfoGetGetGoldRecOutParms/subList/resultSetRow/subFinRepList/resultSetRow/calcDate,0,1
closeRepDate,WSTypeChar255,/UWSConsumerSubjectInfoGetGetGoldRecOutParms/subList/resultSetRow/subFinRepList/resultSetRow/closeRepDate,0,1
openRepDate,WSTypeChar255,/UWSConsumerSubjectInfoGetGetGoldRecOutParms/subList/resultSetRow/subFinRepList/resultSetRow/openRepDate,0,1
idCur,WSTypeDecimal120,/UWSConsumerSubjectInfoGetGetGoldRecOutParms/subList/resultSetRow/subFinRepList/resultSetRow/idCur,0,1
curCode,WSTypeChar255,/UWSConsumerSubjectInfoGetGetGoldRecOutParms/subList/resultSetRow/subFinRepList/resultSetRow/curCode,0,1
idSub,WSTypeDecimal120,/UWSConsumerSubjectInfoGetGetGoldRecOutParms/subList/resultSetRow/subFinRepList/resultSetRow/idSub,0,1
idSubFinIndex,WSTypeDecimal120,/UWSConsumerSubjectInfoGetGetGoldRecOutParms/subList/resultSetRow/subFinRepList/resultSetRow/idSubFinIndex,0,1
subFinIndexCode,WSTypeChar255,/UWSConsumerSubjectInfoGetGetGoldRecOutParms/subList/resultSetRow/subFinRepList/resultSetRow/subFinIndexCode,0,1
finvalue,WSTypeDecimal120,/UWSConsumerSubjectInfoGetGetGoldRecOutParms/subList/resultSetRow/subFinRepList/resultSetRow/finvalue,0,1
descIndex,WSTypeChar255,/UWSConsumerSubjectInfoGetGetGoldRecOutParms/subList/resultSetRow/subFinRepList/resultSetRow/descIndex,0,1
pinList,UWSConsumerSubjectInfoGetGetPinListOutResultSet,/UWSConsumerSubjectInfoGetGetGoldRecOutParms/subList/resultSetRow/pinList,0,1
resultSetRow,UWSConsumerSubjectInfoGetGetPinListOutResultSetRow,/UWSConsumerSubjectInfoGetGetGoldRecOutParms/subList/resultSetRow/pinList/resultSetRow,0,unbounded
main,WSTypeChar1,/UWSConsumerSubjectInfoGetGetGoldRecOutParms/subList/resultSetRow/pinList/resultSetRow/main,0,1
sysSource,WSTypeChar1,/UWSConsumerSubjectInfoGetGetGoldRecOutParms/subList/resultSetRow/pinList/resultSetRow/sysSource,0,1
idABS,WSTypeDecimal120,/UWSConsumerSubjectInfoGetGetGoldRecOutParms/subList/resultSetRow/pinList/resultSetRow/idABS,0,1
aBSCode,WSTypeChar255,/UWSConsumerSubjectInfoGetGetGoldRecOutParms/subList/resultSetRow/pinList/resultSetRow/aBSCode,0,1
idSubABS,WSTypeDecimal120,/UWSConsumerSubjectInfoGetGetGoldRecOutParms/subList/resultSetRow/pinList/resultSetRow/idSubABS,0,1
idSub,WSTypeDecimal120,/UWSConsumerSubjectInfoGetGetGoldRecOutParms/subList/resultSetRow/pinList/resultSetRow/idSub,0,1
pin,WSTypeChar255,/UWSConsumerSubjectInfoGetGetGoldRecOutParms/subList/resultSetRow/pinList/resultSetRow/pin,0,1
subRelList,UWSConsumerSubjectInfoGetGetSubRelListOutResultSet,/UWSConsumerSubjectInfoGetGetGoldRecOutParms/subList/resultSetRow/subRelList,0,1
resultSetRow,UWSConsumerSubjectInfoGetGetSubRelListOutResultSetRow,/UWSConsumerSubjectInfoGetGetGoldRecOutParms/subList/resultSetRow/subRelList/resultSetRow,0,unbounded
idSubRel,WSTypeDecimal120,/UWSConsumerSubjectInfoGetGetGoldRecOutParms/subList/resultSetRow/subRelList/resultSetRow/idSubRel,0,1
open,WSTypeChar255,/UWSConsumerSubjectInfoGetGetGoldRecOutParms/subList/resultSetRow/subRelList/resultSetRow/open,0,1
close,WSTypeChar255,/UWSConsumerSubjectInfoGetGetGoldRecOutParms/subList/resultSetRow/subRelList/resultSetRow/close,0,1
idSub1,WSTypeDecimal120,/UWSConsumerSubjectInfoGetGetGoldRecOutParms/subList/resultSetRow/subRelList/resultSetRow/idSub1,0,1
idSub2,WSTypeDecimal120,/UWSConsumerSubjectInfoGetGetGoldRecOutParms/subList/resultSetRow/subRelList/resultSetRow/idSub2,0,1
idSubRelPos,WSTypeDecimal120,/UWSConsumerSubjectInfoGetGetGoldRecOutParms/subList/resultSetRow/subRelList/resultSetRow/idSubRelPos,0,1
subRelPosCode,WSTypeChar255,/UWSConsumerSubjectInfoGetGetGoldRecOutParms/subList/resultSetRow/subRelList/resultSetRow/subRelPosCode,0,1
idSubRelRole1,WSTypeDecimal120,/UWSConsumerSubjectInfoGetGetGoldRecOutParms/subList/resultSetRow/subRelList/resultSetRow/idSubRelRole1,0,1
subRelRole1Code,WSTypeChar255,/UWSConsumerSubjectInfoGetGetGoldRecOutParms/subList/resultSetRow/subRelList/resultSetRow/subRelRole1Code,0,1
idSubRelRole2,WSTypeDecimal120,/UWSConsumerSubjectInfoGetGetGoldRecOutParms/subList/resultSetRow/subRelList/resultSetRow/idSubRelRole2,0,1
subRelRole2Code,WSTypeChar255,/UWSConsumerSubjectInfoGetGetGoldRecOutParms/subList/resultSetRow/subRelList/resultSetRow/subRelRole2Code,0,1
idSubRelType,WSTypeDecimal120,/UWSConsumerSubjectInfoGetGetGoldRecOutParms/subList/resultSetRow/subRelList/resultSetRow/idSubRelType,0,1
subRelTypeCode,WSTypeChar100,/UWSConsumerSubjectInfoGetGetGoldRecOutParms/subList/resultSetRow/subRelList/resultSetRow/subRelTypeCode,0,1
desc,WSTypeChar255,/UWSConsumerSubjectInfoGetGetGoldRecOutParms/subList/resultSetRow/subRelList/resultSetRow/desc,0,1
subRelPos,WSTypeChar255,/UWSConsumerSubjectInfoGetGetGoldRecOutParms/subList/resultSetRow/subRelList/resultSetRow/subRelPos,0,1
idABS,WSTypeDecimal120,/UWSConsumerSubjectInfoGetGetGoldRecOutParms/subList/resultSetRow/subRelList/resultSetRow/idABS,0,1
aBSCode,WSTypeChar100,/UWSConsumerSubjectInfoGetGetGoldRecOutParms/subList/resultSetRow/subRelList/resultSetRow/aBSCode,0,1
idSubRelStatus,WSTypeDecimal120,/UWSConsumerSubjectInfoGetGetGoldRecOutParms/subList/resultSetRow/subRelList/resultSetRow/idSubRelStatus,0,1
subRelStatusCode,WSTypeChar100,/UWSConsumerSubjectInfoGetGetGoldRecOutParms/subList/resultSetRow/subRelList/resultSetRow/subRelStatusCode,0,1
subRelConList,UWSConsumerSubjectInfoGetGetSubRelListSubRelConListResultSet,/UWSConsumerSubjectInfoGetGetGoldRecOutParms/subList/resultSetRow/subRelList/resultSetRow/subRelConList,0,1
resultSetRow,UWSConsumerSubjectInfoGetGetSubRelListSubRelConListResultSetRow,/UWSConsumerSubjectInfoGetGetGoldRecOutParms/subList/resultSetRow/subRelList/resultSetRow/subRelConList/resultSetRow,0,unbounded
idSubRelCon,WSTypeDecimal120,/UWSConsumerSubjectInfoGetGetGoldRecOutParms/subList/resultSetRow/subRelList/resultSetRow/subRelConList/resultSetRow/idSubRelCon,0,1
idSubRel,WSTypeDecimal120,/UWSConsumerSubjectInfoGetGetGoldRecOutParms/subList/resultSetRow/subRelList/resultSetRow/subRelConList/resultSetRow/idSubRel,0,1
idSubCon,WSTypeDecimal120,/UWSConsumerSubjectInfoGetGetGoldRecOutParms/subList/resultSetRow/subRelList/resultSetRow/subRelConList/resultSetRow/idSubCon,0,1
open,WSTypeDateTime,/UWSConsumerSubjectInfoGetGetGoldRecOutParms/subList/resultSetRow/subRelList/resultSetRow/subRelConList/resultSetRow/open,0,1
close,WSTypeDateTime,/UWSConsumerSubjectInfoGetGetGoldRecOutParms/subList/resultSetRow/subRelList/resultSetRow/subRelConList/resultSetRow/close,0,1
desc,WSTypeChar255,/UWSConsumerSubjectInfoGetGetGoldRecOutParms/subList/resultSetRow/subRelList/resultSetRow/subRelConList/resultSetRow/desc,0,1
objectAttributes,UWSConsumerSubjectInfoGetObjectAttributesOutResultSet,/UWSConsumerSubjectInfoGetGetGoldRecOutParms/subList/resultSetRow/subRelList/resultSetRow/objectAttributes,0,1
resultSetRow,UWSConsumerSubjectInfoGetObjectAttributesOutResultSetRow,/UWSConsumerSubjectInfoGetGetGoldRecOutParms/subList/resultSetRow/subRelList/resultSetRow/objectAttributes/resultSetRow,0,unbounded
idrlObjectAttribute,WSTypeDecimal120,/UWSConsumerSubjectInfoGetGetGoldRecOutParms/subList/resultSetRow/subRelList/resultSetRow/objectAttributes/resultSetRow/idrlObjectAttribute,0,1
objectAttributeTypeCode,WSTypeChar255,/UWSConsumerSubjectInfoGetGetGoldRecOutParms/subList/resultSetRow/subRelList/resultSetRow/objectAttributes/resultSetRow/objectAttributeTypeCode,0,1
objectAttributeValue,WSTypeChar255,/UWSConsumerSubjectInfoGetGetGoldRecOutParms/subList/resultSetRow/subRelList/resultSetRow/objectAttributes/resultSetRow/objectAttributeValue,0,1
infoList,UWSConsumerSubjectInfoGetGetInfoListOutResultSet,/UWSConsumerSubjectInfoGetGetGoldRecOutParms/subList/resultSetRow/infoList,0,1
resultSetRow,UWSConsumerSubjectInfoGetGetInfoListOutResultSetRow,/UWSConsumerSubjectInfoGetGetGoldRecOutParms/subList/resultSetRow/infoList/resultSetRow,0,unbounded
infoCommon,UWSConsumerSubjectInfoGetGetInfoCommonOutResultSet,/UWSConsumerSubjectInfoGetGetGoldRecOutParms/subList/resultSetRow/infoList/resultSetRow/infoCommon,0,1
resultSetRow,UWSConsumerSubjectInfoGetGetInfoCommonOutResultSetRow,/UWSConsumerSubjectInfoGetGetGoldRecOutParms/subList/resultSetRow/infoList/resultSetRow/infoCommon/resultSetRow,0,unbounded
idInfo,WSTypeDecimal120,/UWSConsumerSubjectInfoGetGetGoldRecOutParms/subList/resultSetRow/infoList/resultSetRow/infoCommon/resultSetRow/idInfo,0,1
idInfoType,WSTypeDecimal120,/UWSConsumerSubjectInfoGetGetGoldRecOutParms/subList/resultSetRow/infoList/resultSetRow/infoCommon/resultSetRow/idInfoType,0,1
infoTypeCode,WSTypeChar255,/UWSConsumerSubjectInfoGetGetGoldRecOutParms/subList/resultSetRow/infoList/resultSetRow/infoCommon/resultSetRow/infoTypeCode,0,1
info,WSTypeChar4000,/UWSConsumerSubjectInfoGetGetGoldRecOutParms/subList/resultSetRow/infoList/resultSetRow/infoCommon/resultSetRow/info,0,1
absCode,WSTypeChar100,/UWSConsumerSubjectInfoGetGetGoldRecOutParms/subList/resultSetRow/infoList/resultSetRow/infoCommon/resultSetRow/absCode,0,1
editUserCode,WSTypeChar255,/UWSConsumerSubjectInfoGetGetGoldRecOutParms/subList/resultSetRow/infoList/resultSetRow/infoCommon/resultSetRow/editUserCode,0,1
subInfo,UWSConsumerSubjectInfoGetGetSubInfoOutResultSet,/UWSConsumerSubjectInfoGetGetGoldRecOutParms/subList/resultSetRow/infoList/resultSetRow/subInfo,0,1
resultSetRow,UWSConsumerSubjectInfoGetGetSubInfoOutResultSetRow,/UWSConsumerSubjectInfoGetGetGoldRecOutParms/subList/resultSetRow/infoList/resultSetRow/subInfo/resultSetRow,0,unbounded
idSubInfo,WSTypeDecimal120,/UWSConsumerSubjectInfoGetGetGoldRecOutParms/subList/resultSetRow/infoList/resultSetRow/subInfo/resultSetRow/idSubInfo,0,1
idSub,WSTypeDecimal120,/UWSConsumerSubjectInfoGetGetGoldRecOutParms/subList/resultSetRow/infoList/resultSetRow/subInfo/resultSetRow/idSub,0,1
idInfo,WSTypeDecimal120,/UWSConsumerSubjectInfoGetGetGoldRecOutParms/subList/resultSetRow/infoList/resultSetRow/subInfo/resultSetRow/idInfo,0,1
open,WSTypeDateTime,/UWSConsumerSubjectInfoGetGetGoldRecOutParms/subList/resultSetRow/infoList/resultSetRow/subInfo/resultSetRow/open,0,1
close,WSTypeDateTime,/UWSConsumerSubjectInfoGetGetGoldRecOutParms/subList/resultSetRow/infoList/resultSetRow/subInfo/resultSetRow/close,0,1
complianceActions,UWSConsumerSubjectInfoGetGetSubCompActListOutResultSet,/UWSConsumerSubjectInfoGetGetGoldRecOutParms/subList/resultSetRow/complianceActions,0,1
complianceAction,UWSConsumerSubjectInfoGetGetSubCompActListOutResultSetRow,/UWSConsumerSubjectInfoGetGetGoldRecOutParms/subList/resultSetRow/complianceActions/complianceAction,0,unbounded
id,WSTypeDecimal120,/UWSConsumerSubjectInfoGetGetGoldRecOutParms/subList/resultSetRow/complianceActions/complianceAction/id,0,1
idComplianceActionObject,WSTypeDecimal120,/UWSConsumerSubjectInfoGetGetGoldRecOutParms/subList/resultSetRow/complianceActions/complianceAction/idComplianceActionObject,0,1
typeCode,WSTypeChar255,/UWSConsumerSubjectInfoGetGetGoldRecOutParms/subList/resultSetRow/complianceActions/complianceAction/typeCode,0,1
executorCode,WSTypeChar255,/UWSConsumerSubjectInfoGetGetGoldRecOutParms/subList/resultSetRow/complianceActions/complianceAction/executorCode,0,1
officeCode,WSTypeChar255,/UWSConsumerSubjectInfoGetGetGoldRecOutParms/subList/resultSetRow/complianceActions/complianceAction/officeCode,0,1
openDate,WSTypeChar255,/UWSConsumerSubjectInfoGetGetGoldRecOutParms/subList/resultSetRow/complianceActions/complianceAction/openDate,0,1
closeDate,WSTypeChar255,/UWSConsumerSubjectInfoGetGetGoldRecOutParms/subList/resultSetRow/complianceActions/complianceAction/closeDate,0,1
status,WSTypeDecimal120,/UWSConsumerSubjectInfoGetGetGoldRecOutParms/subList/resultSetRow/complianceActions/complianceAction/status,0,1
reason,WSTypeChar1024,/UWSConsumerSubjectInfoGetGetGoldRecOutParms/subList/resultSetRow/complianceActions/complianceAction/reason,0,1
reasonCode,WSTypeDecimal120,/UWSConsumerSubjectInfoGetGetGoldRecOutParms/subList/resultSetRow/complianceActions/complianceAction/reasonCode,0,1
riskLevel,WSTypeDecimal120,/UWSConsumerSubjectInfoGetGetGoldRecOutParms/subList/resultSetRow/complianceActions/complianceAction/riskLevel,0,1
complianceRisk,UWSConsumerSubjectInfoGetGetComplianceRiskOutResultSetRow,/UWSConsumerSubjectInfoGetGetGoldRecOutParms/subList/resultSetRow/complianceRisk,0,1
id,WSTypeDecimal120,/UWSConsumerSubjectInfoGetGetGoldRecOutParms/subList/resultSetRow/complianceRisk/id,0,1
level,WSTypeChar100,/UWSConsumerSubjectInfoGetGetGoldRecOutParms/subList/resultSetRow/complianceRisk/level,0,1
editDate,WSTypeDate,/UWSConsumerSubjectInfoGetGetGoldRecOutParms/subList/resultSetRow/complianceRisk/editDate,0,1
complianceRiskCodes,UWSConsumerSubjectInfoGetGetComplianceRiskCodesOutResultSet,/UWSConsumerSubjectInfoGetGetGoldRecOutParms/subList/resultSetRow/complianceRisk/complianceRiskCodes,0,1
complianceRiskCode,UWSConsumerSubjectInfoGetGetComplianceRiskCodesOutResultSetRow,/UWSConsumerSubjectInfoGetGetGoldRecOutParms/subList/resultSetRow/complianceRisk/complianceRiskCodes/complianceRiskCode,0,unbounded
bCode,WSTypeChar100,/UWSConsumerSubjectInfoGetGetGoldRecOutParms/subList/resultSetRow/complianceRisk/complianceRiskCodes/complianceRiskCode/bCode,0,1
description,WSTypeChar100,/UWSConsumerSubjectInfoGetGetGoldRecOutParms/subList/resultSetRow/complianceRisk/complianceRiskCodes/complianceRiskCode/description,0,1
editDate,WSTypeChar50,/UWSConsumerSubjectInfoGetGetGoldRecOutParms/subList/resultSetRow/complianceRisk/complianceRiskCodes/complianceRiskCode/editDate,0,1
status,WSTypeChar1,/UWSConsumerSubjectInfoGetGetGoldRecOutParms/subList/resultSetRow/complianceRisk/complianceRiskCodes/complianceRiskCode/status,0,1
subPropList,UWSConsumerSubjectInfoGetGetSubPropListOutResultSet,/UWSConsumerSubjectInfoGetGetGoldRecOutParms/subList/resultSetRow/subPropList,0,1
resultSetRow,UWSConsumerSubjectInfoGetGetSubPropListOutResultSetRow,/UWSConsumerSubjectInfoGetGetGoldRecOutParms/subList/resultSetRow/subPropList/resultSetRow,0,unbounded
propCommon,UWSConsumerSubjectInfoGetGetPropCommonOutResultSet,/UWSConsumerSubjectInfoGetGetGoldRecOutParms/subList/resultSetRow/subPropList/resultSetRow/propCommon,0,1
resultSetRow,UWSConsumerSubjectInfoGetGetPropCommonOutResultSetRow,/UWSConsumerSubjectInfoGetGetGoldRecOutParms/subList/resultSetRow/subPropList/resultSetRow/propCommon/resultSetRow,0,unbounded
idProp,WSTypeDecimal120,/UWSConsumerSubjectInfoGetGetGoldRecOutParms/subList/resultSetRow/subPropList/resultSetRow/propCommon/resultSetRow/idProp,0,1
idPropType,WSTypeDecimal120,/UWSConsumerSubjectInfoGetGetGoldRecOutParms/subList/resultSetRow/subPropList/resultSetRow/propCommon/resultSetRow/idPropType,0,1
propTypeCode,WSTypeChar255,/UWSConsumerSubjectInfoGetGetGoldRecOutParms/subList/resultSetRow/subPropList/resultSetRow/propCommon/resultSetRow/propTypeCode,0,1
comment,WSTypeChar255,/UWSConsumerSubjectInfoGetGetGoldRecOutParms/subList/resultSetRow/subPropList/resultSetRow/propCommon/resultSetRow/comment,0,1
carManufYear,WSTypeChar255,/UWSConsumerSubjectInfoGetGetGoldRecOutParms/subList/resultSetRow/subPropList/resultSetRow/propCommon/resultSetRow/carManufYear,0,1
idCarModel,WSTypeDecimal120,/UWSConsumerSubjectInfoGetGetGoldRecOutParms/subList/resultSetRow/subPropList/resultSetRow/propCommon/resultSetRow/idCarModel,0,1
carModelCode,WSTypeChar255,/UWSConsumerSubjectInfoGetGetGoldRecOutParms/subList/resultSetRow/subPropList/resultSetRow/propCommon/resultSetRow/carModelCode,0,1
subProp,UWSConsumerSubjectInfoGetGetSubPropOutResultSet,/UWSConsumerSubjectInfoGetGetGoldRecOutParms/subList/resultSetRow/subPropList/resultSetRow/subProp,0,1
resultSetRow,UWSConsumerSubjectInfoGetGetSubPropOutResultSetRow,/UWSConsumerSubjectInfoGetGetGoldRecOutParms/subList/resultSetRow/subPropList/resultSetRow/subProp/resultSetRow,0,unbounded
idSubProp,WSTypeDecimal120,/UWSConsumerSubjectInfoGetGetGoldRecOutParms/subList/resultSetRow/subPropList/resultSetRow/subProp/resultSetRow/idSubProp,0,1
idSub,WSTypeDecimal120,/UWSConsumerSubjectInfoGetGetGoldRecOutParms/subList/resultSetRow/subPropList/resultSetRow/subProp/resultSetRow/idSub,0,1
idProp,WSTypeDecimal120,/UWSConsumerSubjectInfoGetGetGoldRecOutParms/subList/resultSetRow/subPropList/resultSetRow/subProp/resultSetRow/idProp,0,1
open,WSTypeChar255,/UWSConsumerSubjectInfoGetGetGoldRecOutParms/subList/resultSetRow/subPropList/resultSetRow/subProp/resultSetRow/open,0,1
subLifeStyleList,UWSConsumerSubjectInfoGetGetSubLifeStyleListOutResultSet,/UWSConsumerSubjectInfoGetGetGoldRecOutParms/subList/resultSetRow/subLifeStyleList,0,1
resultSetRow,UWSConsumerSubjectInfoGetGetSubLifeStyleListOutResultSetRow,/UWSConsumerSubjectInfoGetGetGoldRecOutParms/subList/resultSetRow/subLifeStyleList/resultSetRow,0,unbounded
idSubLifeStyle,WSTypeDecimal120,/UWSConsumerSubjectInfoGetGetGoldRecOutParms/subList/resultSetRow/subLifeStyleList/resultSetRow/idSubLifeStyle,0,1
idSub,WSTypeDecimal120,/UWSConsumerSubjectInfoGetGetGoldRecOutParms/subList/resultSetRow/subLifeStyleList/resultSetRow/idSub,0,1
idLifeStyleType,WSTypeDecimal120,/UWSConsumerSubjectInfoGetGetGoldRecOutParms/subList/resultSetRow/subLifeStyleList/resultSetRow/idLifeStyleType,0,1
lifeStyleTypeCode,WSTypeChar255,/UWSConsumerSubjectInfoGetGetGoldRecOutParms/subList/resultSetRow/subLifeStyleList/resultSetRow/lifeStyleTypeCode,0,1
comment,WSTypeChar255,/UWSConsumerSubjectInfoGetGetGoldRecOutParms/subList/resultSetRow/subLifeStyleList/resultSetRow/comment,0,1
open,WSTypeDateTime,/UWSConsumerSubjectInfoGetGetGoldRecOutParms/subList/resultSetRow/subLifeStyleList/resultSetRow/open,0,1
close,WSTypeDateTime,/UWSConsumerSubjectInfoGetGetGoldRecOutParms/subList/resultSetRow/subLifeStyleList/resultSetRow/close,0,1
createDate,WSTypeDateTime,/UWSConsumerSubjectInfoGetGetGoldRecOutParms/subList/resultSetRow/subLifeStyleList/resultSetRow/createDate,0,1
createUserCode,WSTypeChar255,/UWSConsumerSubjectInfoGetGetGoldRecOutParms/subList/resultSetRow/subLifeStyleList/resultSetRow/createUserCode,0,1
editDate,WSTypeDateTime,/UWSConsumerSubjectInfoGetGetGoldRecOutParms/subList/resultSetRow/subLifeStyleList/resultSetRow/editDate,0,1
editUserCode,WSTypeChar255,/UWSConsumerSubjectInfoGetGetGoldRecOutParms/subList/resultSetRow/subLifeStyleList/resultSetRow/editUserCode,0,1
subStatusList,UWSConsumerSubjectInfoGetGetSubStatusListOutResultSet,/UWSConsumerSubjectInfoGetGetGoldRecOutParms/subList/resultSetRow/subStatusList,0,1
resultSetRow,UWSConsumerSubjectInfoGetGetSubStatusListOutResultSetRow,/UWSConsumerSubjectInfoGetGetGoldRecOutParms/subList/resultSetRow/subStatusList/resultSetRow,0,unbounded
idSubStatus,WSTypeDecimal120,/UWSConsumerSubjectInfoGetGetGoldRecOutParms/subList/resultSetRow/subStatusList/resultSetRow/idSubStatus,0,1
idSub,WSTypeDecimal120,/UWSConsumerSubjectInfoGetGetGoldRecOutParms/subList/resultSetRow/subStatusList/resultSetRow/idSub,0,1
idProcessStatus,WSTypeDecimal120,/UWSConsumerSubjectInfoGetGetGoldRecOutParms/subList/resultSetRow/subStatusList/resultSetRow/idProcessStatus,0,1
processStatusCode,WSTypeChar255,/UWSConsumerSubjectInfoGetGetGoldRecOutParms/subList/resultSetRow/subStatusList/resultSetRow/processStatusCode,0,1
idProcessType,WSTypeDecimal120,/UWSConsumerSubjectInfoGetGetGoldRecOutParms/subList/resultSetRow/subStatusList/resultSetRow/idProcessType,0,1
processTypeCode,WSTypeChar255,/UWSConsumerSubjectInfoGetGetGoldRecOutParms/subList/resultSetRow/subStatusList/resultSetRow/processTypeCode,0,1
keyValSubStatusList,UWSConsumerSubjectInfoGetGetKeyValSubStatusListOutResultSet,/UWSConsumerSubjectInfoGetGetGoldRecOutParms/subList/resultSetRow/subStatusList/resultSetRow/keyValSubStatusList,0,1
resultSetRow,UWSConsumerSubjectInfoGetGetKeyValSubStatusListOutResultSetRow,/UWSConsumerSubjectInfoGetGetGoldRecOutParms/subList/resultSetRow/subStatusList/resultSetRow/keyValSubStatusList/resultSetRow,0,unbounded
idKeyValSubStatus,WSTypeDecimal120,/UWSConsumerSubjectInfoGetGetGoldRecOutParms/subList/resultSetRow/subStatusList/resultSetRow/keyValSubStatusList/resultSetRow/idKeyValSubStatus,0,1
idSubStatus,WSTypeDecimal120,/UWSConsumerSubjectInfoGetGetGoldRecOutParms/subList/resultSetRow/subStatusList/resultSetRow/keyValSubStatusList/resultSetRow/idSubStatus,0,1
name,WSTypeChar255,/UWSConsumerSubjectInfoGetGetGoldRecOutParms/subList/resultSetRow/subStatusList/resultSetRow/keyValSubStatusList/resultSetRow/name,0,1
value,WSTypeChar255,/UWSConsumerSubjectInfoGetGetGoldRecOutParms/subList/resultSetRow/subStatusList/resultSetRow/keyValSubStatusList/resultSetRow/value,0,1
subConsentList,UWSConsumerSubjectInfoGetGetSubConsentListOutResultSet,/UWSConsumerSubjectInfoGetGetGoldRecOutParms/subList/resultSetRow/subConsentList,0,1
resultSetRow,UWSConsumerSubjectInfoGetGetSubConsentListOutResultSetRow,/UWSConsumerSubjectInfoGetGetGoldRecOutParms/subList/resultSetRow/subConsentList/resultSetRow,0,unbounded
idSubConsent,WSTypeDecimal120,/UWSConsumerSubjectInfoGetGetGoldRecOutParms/subList/resultSetRow/subConsentList/resultSetRow/idSubConsent,0,1
idSub,WSTypeDecimal120,/UWSConsumerSubjectInfoGetGetGoldRecOutParms/subList/resultSetRow/subConsentList/resultSetRow/idSub,0,1
idDeal,WSTypeDecimal120,/UWSConsumerSubjectInfoGetGetGoldRecOutParms/subList/resultSetRow/subConsentList/resultSetRow/idDeal,0,1
idType,WSTypeDecimal120,/UWSConsumerSubjectInfoGetGetGoldRecOutParms/subList/resultSetRow/subConsentList/resultSetRow/idType,0,1
typeCode,WSTypeChar255,/UWSConsumerSubjectInfoGetGetGoldRecOutParms/subList/resultSetRow/subConsentList/resultSetRow/typeCode,0,1
idChannelType,WSTypeDecimal120,/UWSConsumerSubjectInfoGetGetGoldRecOutParms/subList/resultSetRow/subConsentList/resultSetRow/idChannelType,0,1
channelTypeCode,WSTypeChar255,/UWSConsumerSubjectInfoGetGetGoldRecOutParms/subList/resultSetRow/subConsentList/resultSetRow/channelTypeCode,0,1
idFormatType,WSTypeDecimal120,/UWSConsumerSubjectInfoGetGetGoldRecOutParms/subList/resultSetRow/subConsentList/resultSetRow/idFormatType,0,1
formatTypeCode,WSTypeChar255,/UWSConsumerSubjectInfoGetGetGoldRecOutParms/subList/resultSetRow/subConsentList/resultSetRow/formatTypeCode,0,1
dateStart,WSTypeChar255,/UWSConsumerSubjectInfoGetGetGoldRecOutParms/subList/resultSetRow/subConsentList/resultSetRow/dateStart,0,1
dateExpire,WSTypeChar255,/UWSConsumerSubjectInfoGetGetGoldRecOutParms/subList/resultSetRow/subConsentList/resultSetRow/dateExpire,0,1
sampleTypeCode,WSTypeChar255,/UWSConsumerSubjectInfoGetGetGoldRecOutParms/subList/resultSetRow/subConsentList/resultSetRow/sampleTypeCode,0,1
idEsiaDispatch,WSTypeDecimal120,/UWSConsumerSubjectInfoGetGetGoldRecOutParms/subList/resultSetRow/subConsentList/resultSetRow/idEsiaDispatch,0,1
subDateUpdEqList,UWSConsumerSubjectInfoGetGetSubDateUpdEqListOutResultSet,/UWSConsumerSubjectInfoGetGetGoldRecOutParms/subList/resultSetRow/subDateUpdEqList,0,1
resultSetRow,UWSConsumerSubjectInfoGetGetSubDateUpdEqListOutResultSetRow,/UWSConsumerSubjectInfoGetGetGoldRecOutParms/subList/resultSetRow/subDateUpdEqList/resultSetRow,0,unbounded
idSubDateUpdEq,WSTypeDecimal120,/UWSConsumerSubjectInfoGetGetGoldRecOutParms/subList/resultSetRow/subDateUpdEqList/resultSetRow/idSubDateUpdEq,0,1
idSub,WSTypeDecimal120,/UWSConsumerSubjectInfoGetGetGoldRecOutParms/subList/resultSetRow/subDateUpdEqList/resultSetRow/idSub,0,1
idDepartment,WSTypeDecimal120,/UWSConsumerSubjectInfoGetGetGoldRecOutParms/subList/resultSetRow/subDateUpdEqList/resultSetRow/idDepartment,0,1
departmentCode,WSTypeChar255,/UWSConsumerSubjectInfoGetGetGoldRecOutParms/subList/resultSetRow/subDateUpdEqList/resultSetRow/departmentCode,0,1
idType,WSTypeDecimal120,/UWSConsumerSubjectInfoGetGetGoldRecOutParms/subList/resultSetRow/subDateUpdEqList/resultSetRow/idType,0,1
typeCode,WSTypeChar255,/UWSConsumerSubjectInfoGetGetGoldRecOutParms/subList/resultSetRow/subDateUpdEqList/resultSetRow/typeCode,0,1
dateUpdEq,WSTypeChar255,/UWSConsumerSubjectInfoGetGetGoldRecOutParms/subList/resultSetRow/subDateUpdEqList/resultSetRow/dateUpdEq,0,1
orderNumber,WSTypeDecimal120,/UWSConsumerSubjectInfoGetGetGoldRecOutParms/subList/resultSetRow/subDateUpdEqList/resultSetRow/orderNumber,0,1
subTagList,UWSConsumerSubjectInfoGetGetSubTagListOutResultSet,/UWSConsumerSubjectInfoGetGetGoldRecOutParms/subList/resultSetRow/subTagList,0,1
resultSetRow,UWSConsumerSubjectInfoGetGetSubTagListOutResultSetRow,/UWSConsumerSubjectInfoGetGetGoldRecOutParms/subList/resultSetRow/subTagList/resultSetRow,0,unbounded
open,WSTypeDate,/UWSConsumerSubjectInfoGetGetGoldRecOutParms/subList/resultSetRow/subTagList/resultSetRow/open,0,1
close,WSTypeDate,/UWSConsumerSubjectInfoGetGetGoldRecOutParms/subList/resultSetRow/subTagList/resultSetRow/close,0,1
idABS,WSTypeDecimal120,/UWSConsumerSubjectInfoGetGetGoldRecOutParms/subList/resultSetRow/subTagList/resultSetRow/idABS,0,1
aBSCode,WSTypeChar100,/UWSConsumerSubjectInfoGetGetGoldRecOutParms/subList/resultSetRow/subTagList/resultSetRow/aBSCode,0,1
idCreateUserABS,WSTypeDecimal120,/UWSConsumerSubjectInfoGetGetGoldRecOutParms/subList/resultSetRow/subTagList/resultSetRow/idCreateUserABS,0,1
createUserABSCode,WSTypeChar100,/UWSConsumerSubjectInfoGetGetGoldRecOutParms/subList/resultSetRow/subTagList/resultSetRow/createUserABSCode,0,1
idCreateUserABSDepartment,WSTypeDecimal120,/UWSConsumerSubjectInfoGetGetGoldRecOutParms/subList/resultSetRow/subTagList/resultSetRow/idCreateUserABSDepartment,0,1
createUserABSDepartmentCode,WSTypeChar100,/UWSConsumerSubjectInfoGetGetGoldRecOutParms/subList/resultSetRow/subTagList/resultSetRow/createUserABSDepartmentCode,0,1
idrlSubTag,WSTypeDecimal120,/UWSConsumerSubjectInfoGetGetGoldRecOutParms/subList/resultSetRow/subTagList/resultSetRow/idrlSubTag,0,1
idSub,WSTypeDecimal120,/UWSConsumerSubjectInfoGetGetGoldRecOutParms/subList/resultSetRow/subTagList/resultSetRow/idSub,0,1
idTagType,WSTypeDecimal120,/UWSConsumerSubjectInfoGetGetGoldRecOutParms/subList/resultSetRow/subTagList/resultSetRow/idTagType,0,1
tagTypeCode,WSTypeChar100,/UWSConsumerSubjectInfoGetGetGoldRecOutParms/subList/resultSetRow/subTagList/resultSetRow/tagTypeCode,0,1
idTag,WSTypeDecimal120,/UWSConsumerSubjectInfoGetGetGoldRecOutParms/subList/resultSetRow/subTagList/resultSetRow/idTag,0,1
tagCode,WSTypeChar100,/UWSConsumerSubjectInfoGetGetGoldRecOutParms/subList/resultSetRow/subTagList/resultSetRow/tagCode,0,1
crUserCode,WSTypeChar255,/UWSConsumerSubjectInfoGetGetGoldRecOutParms/subList/resultSetRow/subTagList/resultSetRow/crUserCode,0,1
crDate,WSTypeDateTime,/UWSConsumerSubjectInfoGetGetGoldRecOutParms/subList/resultSetRow/subTagList/resultSetRow/crDate,0,1
edUserCode,WSTypeChar255,/UWSConsumerSubjectInfoGetGetGoldRecOutParms/subList/resultSetRow/subTagList/resultSetRow/edUserCode,0,1
edDate,WSTypeDateTime,/UWSConsumerSubjectInfoGetGetGoldRecOutParms/subList/resultSetRow/subTagList/resultSetRow/edDate,0,1
subEsiaIdent,UWSConsumerSubjectInfoGetGetSubEsiaIdentResultSet,/UWSConsumerSubjectInfoGetGetGoldRecOutParms/subList/resultSetRow/subEsiaIdent,0,1
resultSetRow,UWSConsumerSubjectInfoGetGetSubEsiaIdentResultSetRow,/UWSConsumerSubjectInfoGetGetGoldRecOutParms/subList/resultSetRow/subEsiaIdent/resultSetRow,0,unbounded
idSubEsiaIdent,WSTypeDecimal120,/UWSConsumerSubjectInfoGetGetGoldRecOutParms/subList/resultSetRow/subEsiaIdent/resultSetRow/idSubEsiaIdent,0,1
esiaIdent,WSTypeChar1,/UWSConsumerSubjectInfoGetGetGoldRecOutParms/subList/resultSetRow/subEsiaIdent/resultSetRow/esiaIdent,0,1
channelCode,WSTypeChar255,/UWSConsumerSubjectInfoGetGetGoldRecOutParms/subList/resultSetRow/subEsiaIdent/resultSetRow/channelCode,0,1
open,WSTypeDateTime,/UWSConsumerSubjectInfoGetGetGoldRecOutParms/subList/resultSetRow/subEsiaIdent/resultSetRow/open,0,1
close,WSTypeDateTime,/UWSConsumerSubjectInfoGetGetGoldRecOutParms/subList/resultSetRow/subEsiaIdent/resultSetRow/close,0,1
subEsiaDispatch,UWSConsumerSubjectInfoGetGetSubEsiaDispatchResultSet,/UWSConsumerSubjectInfoGetGetGoldRecOutParms/subList/resultSetRow/subEsiaDispatch,0,1
resultSetRow,UWSConsumerSubjectInfoGetGetSubEsiaDispatchResultSetRow,/UWSConsumerSubjectInfoGetGetGoldRecOutParms/subList/resultSetRow/subEsiaDispatch/resultSetRow,0,unbounded
idEsiaDispatch,WSTypeDecimal120,/UWSConsumerSubjectInfoGetGetGoldRecOutParms/subList/resultSetRow/subEsiaDispatch/resultSetRow/idEsiaDispatch,0,1
dispatch,WSTypeChar1,/UWSConsumerSubjectInfoGetGetGoldRecOutParms/subList/resultSetRow/subEsiaDispatch/resultSetRow/dispatch,0,1
statusCode,WSTypeChar255,/UWSConsumerSubjectInfoGetGetGoldRecOutParms/subList/resultSetRow/subEsiaDispatch/resultSetRow/statusCode,0,1
officeCode,WSTypeChar255,/UWSConsumerSubjectInfoGetGetGoldRecOutParms/subList/resultSetRow/subEsiaDispatch/resultSetRow/officeCode,0,1
managerCode,WSTypeChar255,/UWSConsumerSubjectInfoGetGetGoldRecOutParms/subList/resultSetRow/subEsiaDispatch/resultSetRow/managerCode,0,1
dispatchDate,WSTypeDateTime,/UWSConsumerSubjectInfoGetGetGoldRecOutParms/subList/resultSetRow/subEsiaDispatch/resultSetRow/dispatchDate,0,1
statusDate,WSTypeDateTime,/UWSConsumerSubjectInfoGetGetGoldRecOutParms/subList/resultSetRow/subEsiaDispatch/resultSetRow/statusDate,0,1
msg,WSTypeChar1024,/UWSConsumerSubjectInfoGetGetGoldRecOutParms/subList/resultSetRow/msg,0,1
st,WSTypeChar15,/UWSConsumerSubjectInfoGetGetGoldRecOutParms/subList/resultSetRow/st,0,1
technicalManager,UWSConsumerSubjectInfoGetGetListTechnicalManagerOutResultSet,/UWSConsumerSubjectInfoGetGetGoldRecOutParms/technicalManager,0,1
resultSetRow,UWSConsumerSubjectInfoGetGetListTechnicalManagerOutResultSetRow,/UWSConsumerSubjectInfoGetGetGoldRecOutParms/technicalManager/resultSetRow,0,unbounded
count,WSTypeDecimal120,/UWSConsumerSubjectInfoGetGetGoldRecOutParms/technicalManager/resultSetRow/count,0,1
pageNumber,WSTypeDecimal120,/UWSConsumerSubjectInfoGetGetGoldRecOutParms/technicalManager/resultSetRow/pageNumber,0,1